date,ntl_mean,ntl_sum,ntl_n,ntl_tiles
2012-01-19,0.3525374554557914,1867804.0754471212,5298172,4
2012-01-20,0.6812972133650708,3609629.819528844,5298172,4
2012-01-21,0.3415627764686987,1809658.3385287183,5298172,4
2012-01-22,0.3218847365930524,1705400.6986446858,5298172,4
2012-01-23,0.2851011214784454,1510514.778985698,5298172,4
2012-01-24,0.3822836318463011,2025404.4343063808,5298172,4
2012-01-25,0.2680075123872257,1419949.8979196523,5298172,4
2012-01-26,0.2706212883916351,1433798.132760486,5298172,4
2012-01-27,0.3179844857997164,1684736.499098455,5298172,4
2012-01-28,0.3124165910809481,1655236.835200529,5298172,4
2012-01-29,0.4380295151356199,2320755.7122651176,5298172,4
2012-01-30,0.5270705996734495,2792510.693213079,5298172,4
2012-01-31,0.2955757691007687,1566011.2637281583,5298172,4
2012-02-01,0.2478970380000694,1313401.1456149037,5298172,4
2012-02-02,0.2564491956327004,1358711.947723696,5298172,4
2012-02-03,0.2467306879086657,1307221.6222184314,5298172,4
2012-02-04,0.2447980447771973,1296982.146493293,5298172,4
2012-02-05,0.3609958024964165,1912617.852904044,5298172,4
2012-02-06,0.486820858301301,2579260.640467921,5298172,4
2012-02-07,0.3151440513009375,1669687.3885691906,5298172,4
2012-02-08,0.4439209674468777,2351969.639939959,5298172,4
2012-02-09,0.3095279634073288,1639932.3889417343,5298172,4
2012-02-10,0.2449329247331317,1297696.7636991865,5298172,4
2012-02-11,0.303995830621786,1372145.372685894,4513698,3
2012-02-12,0.2615640498227162,1385811.3249773202,5298172,4
2012-02-13,0.288503254318944,1528539.8639415083,5298172,4
2012-02-14,0.2487109872448621,1317713.5887130855,5298172,4
2012-02-15,0.2522075934487742,1336239.209797679,5298172,4
2012-02-16,0.2508846265138469,1329229.9034261212,5298172,4
2012-02-17,0.3727302124906432,1974788.775371976,5298172,4
2012-02-20,0.3113778472395055,1649733.3916646254,5298172,4
2012-02-21,0.2720603247736803,1441422.3950268195,5298172,4
2012-02-22,0.2430644620932843,1287797.3272577005,5298172,4
2012-02-23,0.2750926642171327,1457488.2509606148,5298172,4
2012-02-24,0.2821972237397058,1495129.4292954444,5298172,4
2012-02-25,0.2700667830261469,1430860.267959207,5298172,4
2012-02-26,0.4027009638499883,2133578.9710430205,5298172,4
2012-02-27,0.2830739731686993,1499774.598571154,5298172,4
2012-02-28,0.4349167165839842,2304263.570137201,5298172,4
2012-02-29,0.358636350815793,1900117.0720744117,5298172,4
2012-03-01,0.4420986771031661,2342314.832265036,5298172,4
2012-03-02,0.2654022061868479,1406146.5375573845,5298172,4
2012-03-03,0.348784449086602,1847920.0021860604,5298172,4
2012-03-04,0.2591471628334811,1373006.2420037903,5298172,4
2012-03-05,0.2737902602979511,1450587.8909833166,5298172,4
2012-03-06,0.3424264264681765,1814234.104773752,5298172,4
2012-03-07,0.2874703550018476,1523067.3857008491,5298172,4
2012-03-08,0.4476464999544004,2371708.151956405,5298172,4
2012-03-09,0.343292082192019,1818820.497691454,5298172,4
2012-03-11,0.485792044880391,2573809.810008032,5298172,4
2012-03-12,0.4614248795418137,2444708.3768918104,5298172,4
2012-03-13,0.355789742571177,1885035.2519778183,5298172,4
2012-03-14,0.3132821354134529,1659822.637947765,5298172,4
2012-03-15,0.3039182338695174,1610211.0769769289,5298172,4
2012-03-16,0.4686717657555159,2483103.6265164334,5298172,4
2012-03-17,0.6024131475745389,3191688.47091129,5298172,4
2012-03-18,0.8795541517818896,4660029.179454558,5298172,4
2012-03-19,0.5849850600761142,3099351.465713586,5298172,4
2012-03-20,0.668727134314362,3543031.3786645923,5298172,4
2012-03-21,0.6250867031868741,3311816.868397007,5298172,4
2012-03-22,0.4893002402575218,2592396.8325256747,5298172,4
2012-03-23,0.5015169944164996,2657123.297341654,5298172,4
2012-03-27,0.3561177760415823,1886773.2297257823,5298172,4
2012-03-29,0.7350848024614249,3894605.718026653,5298172,4
2012-03-30,0.6243612442459788,3307973.2621492064,5298172,4
2012-03-31,0.5074246453504889,2688423.048105891,5298172,4
2012-04-01,0.4740314699210296,2511500.2610544413,5298172,4
2012-04-02,0.5473171761038628,2899780.5375525546,5298172,4
2012-04-03,0.4404859371909435,2333770.2588188155,5298172,4
2012-04-04,0.3499022046186983,1853842.063249058,5298172,4
2012-04-05,0.3127610827460224,1657062.0112946592,5298172,4
2012-04-06,0.3239925209099301,1716568.1024944065,5298172,4
2012-04-07,0.3382687093731985,1792205.804477218,5298172,4
2012-04-08,0.4400560673716632,2331492.73457866,5298172,4
2012-04-09,0.4004198682704981,2121493.334314442,5298172,4
2012-04-10,0.3259702993659129,1727046.7129320975,5298172,4
2012-04-11,0.3582174602045443,1897897.7175668315,5298172,4
2012-04-12,0.2722114341802756,1442222.9986537793,5298172,4
2012-04-13,0.3222555417551481,1707365.2881719568,5298172,4
2012-04-14,0.7098407635632502,3760858.457969432,5298172,4
2012-04-15,0.4179062899784496,2214139.4041877026,5298172,4
2012-04-16,0.4137350553074143,2192039.4854481937,5298172,4
2012-04-17,0.4639692552391884,2458188.916969121,5298172,4
2012-04-18,0.4499205884664463,2383756.6640364486,5298172,4
2012-04-19,0.6635064154731344,3515371.112280128,5298172,4
2012-04-20,0.6961402964163287,3688271.026544693,5298172,4
2012-04-21,0.5780661168300495,3062693.7143376973,5298172,4
2012-04-22,0.437044179350759,2315535.23379917,5298172,4
2012-04-23,0.5135591289815207,2720924.597514281,5298172,4
2012-04-24,0.4590451050194682,2432099.922151206,5298172,4
2012-04-25,0.516913667360072,2738697.518824448,5298172,4
2012-04-26,0.4246099948410372,2249656.785586928,5298172,4
2012-04-27,0.3694901500520899,1957622.3672817813,5298172,4
2012-04-28,0.3719525752024898,1970668.7192657264,5298172,4
2012-04-29,0.5637524402664208,2986857.393951223,5298172,4
2012-04-30,0.5215937573580571,2763493.440609252,5298172,4
2012-05-01,0.4932024085521292,2613071.191323452,5298172,4
2012-05-02,0.3572628254068691,1892839.8982115623,5298172,4
2012-05-03,0.4307829666964546,2282362.2522280887,5298172,4
2012-05-04,0.5139839217389449,2723175.222607469,5298172,4
2012-05-05,0.675065599391655,3576613.656860084,5298172,4
2012-05-06,0.5618677111920588,2976871.7751418524,5298172,4
2012-05-07,0.4809504177875447,2548158.0369102717,5298172,4
2012-05-08,0.417500361476668,2211988.7251655613,5298172,4
2012-05-09,0.5204819844992704,2757603.0767784687,5298172,4
2012-05-10,0.7137823238383944,3781741.522255514,5298172,4
2012-05-11,0.6497521130612933,3442498.452362179,5298172,4
2012-05-12,0.5886025242975126,3118517.413362401,5298172,4
2012-05-13,0.369053588474138,1955309.388953201,5298172,4
2012-05-14,0.3097676351055147,1641202.2108222554,5298172,4
2012-05-15,0.6425164971923729,3404162.914962709,5298172,4
2012-05-16,0.6164665094559703,3266145.599337357,5298172,4
2012-05-17,0.5062114424986734,2681995.290726081,5298172,4
2012-05-18,0.6935688570189074,3674647.0983295785,5298172,4
2012-05-19,0.4318912790145022,2288234.2815188235,5298172,4
2012-05-20,0.5618960587058278,2977021.965145573,5298172,4
2012-05-21,0.4838815416044482,2563687.635045523,5298172,4
2012-05-22,0.4770433076676797,2527457.495472286,5298172,4
2012-05-23,0.5197300286591124,2753619.085400907,5298172,4
2012-05-24,0.3816812733106609,2022213.035178891,5298172,4
2012-05-25,0.3998552612320661,2118501.9491124186,5298172,4
2012-05-26,0.515222308744062,2729736.4099631445,5298172,4
2012-05-27,0.6445078717287278,3414713.5597727373,5298172,4
2012-05-28,0.6006254478964265,3182216.930532305,5298172,4
2012-05-29,0.5810360189335311,3078428.766505104,5298172,4
2012-05-30,0.5559467203143729,2945501.3470614413,5298172,4
2012-05-31,0.4962424518662118,2629177.863688912,5298172,4
2012-06-01,0.6529324716213433,3459348.5390349957,5298172,4
2012-06-02,0.4466199095072763,2366269.0991939856,5298172,4
2012-06-03,0.3770433965635572,1997640.766457935,5298172,4
2012-06-04,0.4181449020704477,2215403.612092388,5298172,4
2012-06-05,0.3632070782003814,1924333.5719230715,5298172,4
2012-06-06,0.3677512220569913,1948409.2276681336,5298172,4
2012-06-07,0.2855861110203136,1513084.3369967171,5298172,4
2012-06-08,0.3283813228229764,1739820.7299036544,5298172,4
2012-06-09,0.3804054359158081,2015453.4292169288,5298172,4
2012-06-10,0.5988475175607227,3172797.1498097293,5298172,4
2012-06-11,0.7263875255002824,3848526.048754882,5298172,4
2012-06-12,0.8395578401602594,4448121.841117562,5298172,4
2012-06-13,0.6055067230857158,3208078.766064493,5298172,4
2012-06-14,0.4199922531871111,2225191.196052863,5298172,4
2012-06-15,0.4905657154092342,2599101.5375411734,5298172,4
2012-06-16,0.553221618821575,2931063.290635141,5298172,4
2012-06-17,0.5447951523052131,2886418.421679216,5298172,4
2012-06-18,0.524174203225327,2777165.0866507376,5298172,4
2012-06-19,0.35575783747629,1884866.2132974304,5298172,4
2012-06-20,0.4698158301800066,2489165.076616466,5298172,4
2012-06-21,0.4657039668840027,2467379.7176337503,5298172,4
2012-06-23,0.6464705355498874,3425112.090275418,5298172,4
2012-06-24,0.4229226884011165,2240717.1458515204,5298172,4
2012-06-25,0.3906012008583014,2069472.3455538289,5298172,4
2012-06-26,0.486210102745317,2576024.7524823616,5298172,4
2012-06-27,0.5761850118843594,3052727.29678538,5298172,4
2012-06-28,0.7889883015019116,4180195.727344986,5298172,4
2012-06-29,0.5086910148662087,2695132.491615731,5298172,4
2012-06-30,0.3210046534214387,1700737.8666271707,5298172,4
2012-07-01,0.4543078468810403,2407001.113725415,5298172,4
2012-07-02,0.5721695782858768,3031452.83892604,5298172,4
2012-07-03,0.6558825722127829,3474978.6793857445,5298172,4
2012-07-04,0.3986022230130344,2111863.137105414,5298172,4
2012-07-05,0.2846358697826012,1508049.7954778238,5298172,4
2012-07-06,0.2717866977735679,1439972.6721163802,5298172,4
2012-07-07,0.2652889812568599,1405546.65240362,5298172,4
2012-07-08,0.3816871174555959,2022243.9984639497,5298172,4
2012-07-09,0.4239351719723159,2246081.457958909,5298172,4
2012-07-10,0.3725239712746946,1973696.073936392,5298172,4
2012-07-11,0.5402046332034003,2862097.061908526,5298172,4
2012-07-12,0.3520334013784988,1865133.510248324,5298172,4
2012-07-13,0.4750987964191641,2517155.140421716,5298172,4
2012-07-14,0.5647255785869715,2992013.248153292,5298172,4
2012-07-15,0.4372443819983452,2316595.9418609366,5298172,4
2012-07-16,0.2916848177700906,1545396.3343345963,5298172,4
2012-07-17,0.2844924622146109,1507289.9975165096,5298172,4
2012-07-18,0.7051393084998546,3735949.340393292,5298172,4
2012-07-19,0.843461507917674,4468804.144327199,5298172,4
2012-07-20,0.6126709643000134,3246036.148267331,5298172,4
2012-07-21,0.3933435799387355,2084001.94161117,5298172,4
2012-07-22,0.5050204739934854,2675685.3347390126,5298172,4
2012-07-23,0.5222623688403635,2767035.8592436863,5298172,4
2012-07-24,0.7856721489509985,4162626.180752009,5298172,4
2012-07-25,0.5869150928425693,3109577.1112759006,5298172,4
2012-07-26,0.4608734155376577,2441786.625745984,5298172,4
2012-07-27,0.44251070213437,2344497.81174866,5298172,4
2012-07-28,0.2935127670883592,1555081.1242300663,5298172,4
2012-07-29,0.416016560054646,2204127.290017844,5298172,4
2012-07-30,0.2624412526281618,1390458.8963194534,5298172,4
2012-07-31,0.2958758670873799,1567601.234478078,5298172,4
2012-08-01,0.3424917032308476,1814579.9522899864,5298172,4
2012-08-02,0.5605397514767294,2969836.0161609664,5298172,4
2012-08-03,0.6583785148479148,3488202.6127688065,5298172,4
2012-08-04,0.601755608135014,3188204.713863904,5298172,4
2012-08-05,0.3662736066677707,1940580.567186196,5298172,4
2012-08-06,0.31037193118372,1644403.875383512,5298172,4
2012-08-07,0.4663101002094573,2470591.116246941,5298172,4
2012-08-08,0.5798783434080054,3072295.2024506787,5298172,4
2012-08-09,0.5794497814239887,3070024.607346697,5298172,4
2012-08-10,0.6635179913340599,3515432.4431823585,5298172,4
2012-08-11,0.5216409455372296,2763743.451698875,5298172,4
2012-08-12,0.4875191781811126,2582960.459302182,5298172,4
2012-08-13,0.5230387411668509,2771149.213365457,5298172,4
2012-08-14,0.5899681908033678,3125752.949405061,5298172,4
2012-08-15,0.815333043628095,4319774.702425151,5298172,4
2012-08-16,0.6940763493822508,3677335.880159259,5298172,4
2012-08-17,0.3635526132017748,1926164.275792474,5298172,4
2012-08-18,0.5335271918185706,2826718.82893178,5298172,4
2012-08-19,0.386725391134084,2048937.638995652,5298172,4
2012-08-20,0.3772653734208789,1998816.838028045,5298172,4
2012-08-21,0.4551804601911861,2411624.369132057,5298172,4
2012-08-22,0.4632583633267281,2454422.489343498,5298172,4
2012-08-23,0.4187053002669184,2218372.69812578,5298172,4
2012-08-24,0.8334612984575621,4415821.314571499,5298172,4
2012-08-25,0.5086059089223864,2694681.585687138,5298172,4
2012-08-26,0.6580804358068493,3486623.338739646,5298172,4
2012-08-27,0.2525011933205023,1337794.7524172724,5298172,4
2012-08-28,0.2872308344031685,1521798.3643715042,5298172,4
2012-08-29,0.6159166962158156,3263232.5942231403,5298172,4
2012-08-30,0.6337557935353224,3357747.200146626,5298172,4
2012-08-31,0.6187267669430796,3278120.83226835,5298172,4
2012-09-01,0.4757545983613719,2520629.6919094664,5298172,4
2012-09-02,0.4095661025267189,2169951.6565561914,5298172,4
2012-09-03,0.5046999401624579,2673987.09137041,5298172,4
2012-09-04,0.5899146398077187,3125469.2270193407,5298172,4
2012-09-05,0.5885000989331334,3117974.7461647573,5298172,4
2012-09-06,0.4896830108113811,2594424.8167565567,5298172,4
2012-09-07,0.7061778788618716,3741451.86480536,5298172,4
2012-09-08,0.521689779809532,2764002.184073028,5298172,4
2012-09-09,0.6322961103538558,3350013.547585709,5298172,4
2012-09-10,0.7381416684766888,3910801.519956476,5298172,4
2012-09-11,0.6981496121982799,3698916.7271597846,5298172,4
2012-09-12,0.6290969736880062,3333063.9712785315,5298172,4
2012-09-13,0.4826523843837974,2557175.3486754727,5298172,4
2012-09-14,0.4619363291162549,2447418.1247065263,5298172,4
2012-09-15,0.5317464004149799,2817283.889779435,5298172,4
2012-09-16,0.7077546720918076,3749805.9865459967,5298172,4
2012-09-17,0.7671489251420369,4064486.955017636,5298172,4
2012-09-18,0.8632747653841673,4573778.1902649645,5298172,4
2012-09-19,0.543321506798803,2878610.794319228,5298172,4
2012-09-20,0.4595481913136846,2434765.359868807,5298172,4
2012-09-21,0.927827540067578,4915789.89361492,5298172,4
2012-09-22,0.4999635517934901,2648892.891132819,5298172,4
2012-09-23,0.4479028206304511,2373066.182985279,5298172,4
2012-09-24,0.4158446494505292,2203216.4780686093,5298172,4
2012-09-25,0.5767032147285207,3055472.824584636,5298172,4
2012-09-26,0.2530357425840935,1340626.8863582525,5298172,4
2012-09-27,0.4976655071820911,2636717.455517954,5298172,4
2012-09-28,0.4480921578775703,2374069.3242865223,5298172,4
2012-09-29,0.434629440032326,2302741.529554949,5298172,4
2012-09-30,0.5390305959380218,2855876.810542141,5298172,4
2012-10-01,0.3547689027419333,1879626.6669780344,5298172,4
2012-10-02,0.6346752933718198,3362618.8684343616,5298172,4
2012-10-03,0.2839632610413961,1504486.198678216,5298172,4
2012-10-04,0.326652540627896,1730661.3444835811,5298172,4
2012-10-05,0.3822647994241714,2025304.656894761,5298172,4
2012-10-06,0.3779679290438414,2002539.0985580676,5298172,4
2012-10-07,0.6049451579170592,3205103.4972117413,5298172,4
2012-10-08,0.3938509173197494,2086689.9023178115,5298172,4
2012-10-09,0.3935102394832733,2084884.932543573,5298172,4
2012-10-10,0.3874977025654224,2053029.477796449,5298172,4
2012-10-11,0.311000354235365,1647733.3687998925,5298172,4
2012-10-12,0.3873994866072628,2052509.112756975,5298172,4
2012-10-13,0.6359425394546909,3369332.9561477387,5298172,4
2012-10-14,0.6330192559974015,3353844.8975862646,5298172,4
2012-10-15,0.5292049982159436,2803819.1038077623,5298172,4
2012-10-16,0.4948229637085918,2621657.1712778774,5298172,4
2012-10-17,0.3903144993805382,2067953.351811985,5298172,4
2012-10-18,0.7602422350529372,4027894.12297489,5298172,4
2012-10-19,0.5293161947476136,2804408.2421583533,5298172,4
2012-10-20,0.4954492488177017,2624975.3375069806,5298172,4
2012-10-21,0.4855767533959514,2572669.158693335,5298172,4
2012-10-22,0.5068489804783032,2685373.076598692,5298172,4
2012-10-23,0.8047653671849181,4263785.334988852,5298172,4
2012-10-24,0.305251923510161,1617277.1940876772,5298172,4
2012-10-25,0.3577670119131654,1895511.1650419997,5298172,4
2012-10-26,0.3860047680086959,2045119.653730168,5298172,4
2012-10-27,0.3587911421154647,1900937.183004176,5298172,4
2012-10-28,0.3642274986604143,1929739.9350326448,5298172,4
2012-10-29,0.4363174212188271,2311684.744213796,5298172,4
2012-10-30,0.4143710867621493,2195409.28949279,5298172,4
2012-10-31,0.3010606417895093,1595071.0626312084,5298172,4
2012-11-01,0.2830361235302687,1499574.064676611,5298172,4
2012-11-02,0.3477610195107939,1842497.696263542,5298172,4
2012-11-03,0.2263100163996704,1199029.3922082747,5298172,4
2012-11-04,0.312558680655294,1655989.6502048206,5298172,4
2012-11-05,0.3215094971586093,1703412.6155798235,5298172,4
2012-11-06,0.339713496717847,1799860.536332589,5298172,4
2012-11-07,0.3213909101325801,1702784.3211189522,5298172,4
2012-11-08,0.537715761704601,2848910.592621989,5298172,4
2012-11-09,0.6816995328654823,3611761.3774409774,5298172,4
2012-11-10,0.502752674207671,2663670.1414122046,5298172,4
2012-11-11,0.4198774536748803,2224582.968491548,5298172,4
2012-11-12,0.3487071249074051,1847510.325384916,5298172,4
2012-11-13,0.3338904713661446,1769009.146458909,5298172,4
2012-11-14,0.4698929733824776,2489573.7945717885,5298172,4
2012-11-15,0.4552194354008698,2411830.866496697,5298172,4
2012-11-16,0.3796893286495144,2011659.369749655,5298172,4
2012-11-17,0.3118124834538593,1652036.169085701,5298172,4
2012-11-18,0.3722746975771691,1972375.379011825,5298172,4
2012-11-19,0.471963604182033,2500544.3526963303,5298172,4
2012-11-20,0.3514402976779848,1861991.1448291645,5298172,4
2012-11-21,0.3445978780274626,1825738.8286245177,5298172,4
2012-11-23,0.3260309908200273,1727368.2666949255,5298172,4
2012-11-24,0.2549655771270483,1350851.481698368,5298172,4
2012-11-25,0.2277758837889472,1206795.809765854,5298172,4
2012-11-26,0.295211041917175,1564078.876376403,5298172,4
2012-11-27,0.5124426656841646,2715009.3829332017,5298172,4
2012-11-28,0.3557351255268182,1884745.881482673,5298172,4
2012-11-29,0.3351105414883786,1775473.287818566,5298172,4
2012-11-30,0.2130542387087188,1128798.0020078504,5298172,4
2012-12-01,0.226499206223391,1200031.7524349962,5298172,4
2012-12-02,0.2600902159408033,1378002.6995715178,5298172,4
2012-12-03,0.286719190756152,1519087.5883269035,5298172,4
2012-12-04,0.3157535453126799,1672916.5926763718,5298172,4
2012-12-05,0.2829860765020831,1499308.9069131948,5298172,4
2012-12-06,0.3168706513245113,1678835.2124692886,5298172,4
2012-12-07,0.4413550464011696,2338374.9489013776,5298172,4
2012-12-08,0.2530284051638747,1340588.0114438962,5298172,4
2012-12-09,0.3058468706346501,1620429.3262841254,5298172,4
2012-12-10,0.4272224114051824,2263497.8178794184,5298172,4
2012-12-11,0.3429751793450214,1817141.491900771,5298172,4
2012-12-12,0.2426169361029967,1285426.2575866866,5298172,4
2012-12-13,0.3327674760894097,1763059.32432758,5298172,4
2012-12-14,0.2666153552793635,1412574.010111176,5298172,4
2012-12-15,0.4694087667510431,2487008.384554908,5298172,4
2012-12-16,0.3701962053025436,1961363.1694401884,5298172,4
2012-12-17,0.4622476946422774,2449067.792818264,5298172,4
2012-12-18,0.3836319464860919,2032548.0371781103,5298172,4
2012-12-19,0.3064913049523932,1623843.6501422313,5298172,4
2012-12-20,0.3095580359690379,1640091.7185461496,5298172,4
2012-12-21,0.3973113455954529,2105023.846516152,5298172,4
2012-12-22,0.3141053533224613,1664184.188023172,5298172,4
2012-12-23,0.3218343375895127,1705133.6760553038,5298172,4
2012-12-24,0.3603518998551951,1909206.3459595991,5298172,4
2012-12-25,0.3575875719454301,1894560.461229264,5298172,4
2012-12-26,0.4018061114535182,2128837.8891319097,5298172,4
2012-12-27,0.2965852571902081,1571359.7052579592,5298172,4
2012-12-28,0.2455202799990657,1300808.6729232098,5298172,4
2012-12-29,0.2781526652105735,1473700.662544035,5298172,4
2012-12-30,0.2831225965390884,1500032.2135506952,5298172,4
2012-12-31,0.3500934640418553,1854855.3885695648,5298172,4
2013-01-01,0.4419471372492947,2341511.94805437,5298172,4
2013-01-02,0.2579061102238943,1366430.931817151,5298172,4
2013-01-03,0.3400469379618225,1801627.165395065,5298172,4
2013-01-04,0.3792658245213812,2009415.5720360957,5298172,4
2013-01-05,0.338697277959799,1794476.4345628242,5298172,4
2013-01-06,0.5374385322788432,2847441.7834408632,5298172,4
2013-01-07,0.4801875460783713,2544116.211381137,5298172,4
2013-01-08,0.5115506136491533,2710283.137818762,5298172,4
2013-01-09,0.3306829711375261,1752015.258557649,5298172,4
2013-01-10,0.2519178461396114,1334704.0787171973,5298172,4
2013-01-11,0.3825457477972972,2026793.169698702,5298172,4
2013-01-12,0.5143633207922771,2725185.34404866,5298172,4
2013-01-13,0.3401739118972297,1802299.8951443692,5298172,4
2013-01-14,0.3320979337200191,1759511.9736932614,5298172,4
2013-01-15,0.3052026445459448,1617016.105659278,5298172,4
2013-01-16,0.3976922872512706,2107042.140930639,5298172,4
2013-01-17,0.286773676615202,1519376.263779718,5298172,4
2013-01-18,0.2366580041503552,1253854.8111652958,5298172,4
2013-01-19,0.2488897897420769,1318660.9150973596,5298172,4
2013-01-20,0.242164125146708,1283027.1872567842,5298172,4
2013-01-21,0.2482936239312964,1315502.3260913244,5298172,4
2013-01-22,0.3050409127707913,1616158.917855736,5298171,4
2013-01-23,0.3130176103362047,1658421.1385901903,5298172,4
2013-01-24,0.2487694358713057,1318023.2595891475,5298172,4
2013-01-25,0.4026238840333496,2133170.58891674,5298172,4
2013-01-26,0.3600776377130165,1907753.257957248,5298172,4
2013-01-27,0.4790073084769164,2537863.1095677614,5298172,4
2013-01-28,0.486396938222724,2577014.6389773665,5298172,4
2013-01-29,0.3650288479475248,1933985.6213878333,5298172,4
2013-01-30,0.248551130894478,1316866.642273459,5298172,4
2013-01-31,0.3536790195383458,1873852.2783055168,5298172,4
2013-02-01,0.3026773773117966,1603636.805506796,5298172,4
2013-02-02,0.3719084842640857,1970435.11789042,5298172,4
2013-02-03,0.2745862352248028,1454805.1030534643,5298172,4
2013-02-04,0.3707084948489093,1964077.367570636,5298172,4
2013-02-05,0.4850323106665863,2569784.607469009,5298172,4
2013-02-06,0.4410096722989765,2336545.097503613,5298172,4
2013-02-07,0.2585073323829919,1369616.3102262612,5298172,4
2013-02-08,0.3872881723563324,2051919.350709495,5298172,4
2013-02-09,0.4857938745111743,2573819.5037066173,5298172,4
2013-02-10,0.4877269903314346,2584061.4838182777,5298172,4
2013-02-11,0.377471085417115,1999906.7355665672,5298172,4
2013-02-12,0.3830455423268957,2029441.167081174,5298172,4
2013-02-13,0.371545182163192,1968510.280871923,5298172,4
2013-02-14,0.2680573334778601,1420213.8586270611,5298172,4
2013-02-15,0.2604745670731196,1380039.0579789244,5298172,4
2013-02-16,0.3835215875383075,2031963.33649101,5298172,4
2013-02-17,0.4632395089490847,2454322.59560779,5298172,4
2013-02-18,0.5116737957597478,2710935.7778280145,5298172,4
2013-02-19,0.2217875109706474,1175068.3805743768,5298172,4
2013-02-20,0.2469758628490191,1308520.6012225132,5298172,4
2013-02-21,0.2362437026113975,1251659.7703520334,5298172,4
2013-02-22,0.2691848575982785,1426187.6753511862,5298172,4
2013-02-23,0.3177609401561004,1683552.1158287271,5298172,4
2013-02-24,0.5056899577477935,2679232.3748205425,5298172,4
2013-02-25,0.2531814768491447,1341399.011560787,5298172,4
2013-02-26,0.2189719952395535,1160151.2939623357,5298172,4
2013-02-27,0.2446356091641703,1296121.534676551,5298172,4
2013-02-28,0.3594855996885948,1904616.5386733215,5298172,4
2013-03-01,0.3262857775758899,1728718.170750808,5298172,4
2013-03-02,0.3794153149532294,2010207.5980563816,5298172,4
2013-03-03,0.4396751159118094,2329474.388220703,5298172,4
2013-03-04,0.3468527447196539,1837685.5001968185,5298172,4
2013-03-05,0.3989576517087065,2113746.259468821,5298172,4
2013-03-06,0.4438344694057465,2351511.358440383,5298172,4
2013-03-07,0.5192926596464894,2751301.82914456,5298172,4
2013-03-08,0.3130702237563563,1658699.8935396618,5298172,4
2013-03-09,0.3533489607977454,1872103.5703277127,5298172,4
2013-03-10,0.716573464390419,3796529.464976315,5298172,4
2013-03-11,0.7946490775161186,4210187.492321729,5298172,4
2013-03-12,0.3560761093097752,1886552.4722139903,5298172,4
2013-03-13,0.3689927311360805,1954986.9563087104,5298172,4
2013-03-14,0.2527071629125678,1338886.0147428052,5298172,4
2013-03-15,0.2460172046929946,1303441.4654226927,5298172,4
2013-03-16,0.2589862259540032,1372153.5707351733,5298172,4
2013-03-17,0.3449616366046121,1827666.084132731,5298172,4
2013-03-18,0.3830489591037133,2029459.269752439,5298172,4
2013-03-19,0.3026735016972512,1603616.2718343288,5298172,4
2013-03-20,0.3470416093544359,1838686.1375166103,5298172,4
2013-03-21,0.547857584593073,2902643.7146786507,5298172,4
2013-03-22,0.4499438178258639,2383879.7371780933,5298172,4
2013-03-23,0.2332394315960806,1235742.6257782695,5298172,4
2013-03-24,0.3826974769478677,2027597.0568358384,5298172,4
2013-03-25,0.4253374218524094,2253510.819010624,5298172,4
2013-03-26,0.2961699161147524,1569159.1568015302,5298172,4
2013-03-27,0.4660540622853902,2469234.5832867105,5298172,4
2013-03-28,0.3998009931205505,2118214.4273234936,5298172,4
2013-03-29,0.2558866771077463,1355731.6278253023,5298172,4
2013-03-30,0.5754392687873424,3048776.221589572,5298172,4
2013-03-31,0.6190955670710772,3280074.7987801027,5298172,4
2013-04-01,0.4377586403402578,2319320.5710088247,5298172,4
2013-04-02,0.5513871646122726,2921344.0367081333,5298172,4
2013-04-03,0.424451132364,2248815.104859239,5298172,4
2013-04-04,0.3967186986961297,2101883.901308271,5298172,4
2013-04-05,0.4572709349857652,2422700.0641554017,5298172,4
2013-04-06,0.7644535555249653,4050206.423182816,5298172,4
2013-04-07,0.765707149907414,4056848.181839263,5298172,4
2013-04-08,0.2841322491023723,1505381.5264912138,5298172,4
2013-04-09,0.4129377998636695,2187815.4889792977,5298172,4
2013-04-10,0.4433686947476916,2349043.604188767,5298172,4
2013-04-11,0.457550262602173,2424179.9899114803,5298172,4
2013-04-12,0.4216792580833672,2234129.23815807,5298172,4
2013-04-13,0.3753967294551116,1988916.440890648,5298172,4
2013-04-14,0.4058214702111554,2150111.9504715777,5298172,4
2013-04-15,0.4806893272242352,2546774.7341982806,5298172,4
2013-04-16,0.8059501332257857,4270062.429253127,5298172,4
2013-04-17,0.802668601279087,4252676.308576023,5298172,4
2013-04-18,0.7828008638759072,4147413.618563143,5298172,4
2013-04-19,0.5741190904289494,3041781.689576128,5298172,4
2013-04-20,0.5035716591611994,2668009.26456141,5298172,4
2013-04-21,0.7001870457675984,3709711.400648608,5298172,4
2013-04-22,1.129617535600852,5984907.997829437,5298172,4
2013-04-23,0.5290049665509182,2802759.301641012,5298172,4
2013-04-24,0.4919742400137692,2606564.143162232,5298172,4
2013-04-25,0.5170645185126064,2739496.754176973,5298172,4
2013-04-26,0.5812318326470591,3079466.2212393344,5298172,4
2013-04-27,0.6134881953401231,3250365.978881571,5298172,4
2013-04-28,0.4527646258002431,2398824.8630053257,5298172,4
2013-04-29,0.4945896232973162,2620420.8936443888,5298172,4
2013-04-30,0.5598844855248352,2966364.3044420867,5298172,4
2013-05-01,0.6892256171802038,3651635.866626875,5298172,4
2013-05-02,0.5316474075960367,2816759.4087979086,5298172,4
2013-05-03,0.6778605699186074,3591421.8914468084,5298172,4
2013-05-04,0.565342738098565,2995283.06539715,5298172,4
2013-05-05,0.4075559354943524,2159301.445869984,5298172,4
2013-05-06,0.3292224620694872,1744277.230307619,5298172,4
2013-05-07,0.5983164353941682,3169983.385145191,5298172,4
2013-05-08,0.7176462916797016,3802213.488481228,5298172,4
2013-05-09,0.7888832216005757,4179638.995953965,5298172,4
2013-05-10,0.7127270736345132,3776150.625172316,5298172,4
2013-05-11,0.5811126406056938,3078834.7213031496,5298172,4
2013-05-12,0.390082398639721,2066723.642165808,5298172,4
2013-05-13,0.354560057247081,1878520.167624882,5298172,4
2013-05-14,0.4548583798006642,2409917.931825245,5298172,4
2013-05-15,0.3631781006117962,1924180.0436746012,5298172,4
2013-05-16,0.2867722915182821,1519368.9252979998,5298172,4
2013-05-17,0.2379553355204599,1260728.295905106,5298172,4
2013-05-18,0.2678889564353297,1419321.7680948835,5298172,4
2013-05-19,0.387459743724978,2052828.3653308544,5298172,4
2013-05-20,0.4430268456231663,2347232.4287289823,5298172,4
2013-05-21,0.3505475502866244,1857261.2155971853,5298172,4
2013-05-22,0.4151420820102904,2199494.1549286246,5298172,4
2013-05-23,0.3857854672216743,2043957.760440793,5298172,4
2013-05-24,0.236675508570262,1253947.5525927222,5298172,4
2013-05-25,0.4130354351254245,2188332.7773893406,5298172,4
2013-05-26,0.3760977339034619,1992630.4830307728,5298172,4
2013-05-27,0.3049915116370553,1615897.4871931206,5298172,4
2013-05-28,0.3528663298603331,1869546.5086087813,5298172,4
2013-05-29,0.6325099569944896,3351146.543869409,5298172,4
2013-05-30,0.5903456799397075,3127752.95177752,5298172,4
2013-05-31,0.3469338676322329,1838115.3033408024,5298172,4
2013-06-01,0.4927202452416768,2610516.607172585,5298172,4
2013-06-02,0.5052214144679784,2676749.951934638,5298172,4
2013-06-03,0.5434752937816151,2879425.584205527,5298172,4
2013-06-04,0.7855605889374556,4162035.116611937,5298172,4
2013-06-05,0.6652740057429009,3524736.1095548766,5298172,4
2013-06-06,0.4684384654497119,2481867.561368631,5298172,4
2013-06-07,0.3996046565795411,2117174.2025593407,5298172,4
2013-06-08,0.4060951484612238,2151561.944913099,5298172,4
2013-06-09,0.5064859598139819,2683449.730679564,5298172,4
2013-06-10,0.4866775231208088,2578501.226028022,5298172,4
2013-06-11,0.4350260113016074,2304842.63234986,5298172,4
2013-06-12,0.3508640626023817,1858938.152286186,5298172,4
2013-06-13,0.3167241366945609,1678058.9527592952,5298172,4
2013-06-14,0.3800110645029655,2013363.9816398057,5298172,4
2013-06-15,0.8141380644553422,4313443.497231489,5298172,4
2013-06-16,0.4704448772522029,2492497.8762010587,5298172,4
2013-06-17,0.4138819159988675,2192817.578651552,5298172,4
2013-06-18,0.3825165107257192,2026638.2666647048,5298172,4
2013-06-19,0.303224567030661,1606535.9107539712,5298172,4
2013-06-20,0.2702269082685681,1431708.639035096,5298172,4
2013-06-21,0.3875722577470505,2053424.4839722065,5298172,4
2013-06-22,0.2761596690035063,1463141.425843645,5298172,4
2013-06-23,0.295019421844104,1563063.6402706206,5298172,4
2013-06-24,0.3228586304822144,1710560.555979215,5298172,4
2013-06-25,0.3903597054041289,2068192.8611004043,5298172,4
2013-06-26,0.258614016397554,1370181.5404850617,5298172,4
2013-06-27,0.2384531088269333,1263365.5844998113,5298172,4
2013-06-28,0.3528609294987829,1869517.8965644252,5298172,4
2013-06-29,0.5387581979176721,2854433.598977869,5298172,4
2013-06-30,0.5126261104276825,2715981.3047368554,5298172,4
2013-07-01,0.3843281189066341,2036236.4784037997,5298172,4
2013-07-02,0.3349131183526661,1774427.3060887817,5298172,4
2013-07-03,0.41689105241247,2208760.500942281,5298172,4
2013-07-04,0.6078762002756009,3220632.6637665806,5298172,4
2013-07-05,0.6645253535789172,3520769.621621919,5298172,4
2013-07-06,0.5850342753540935,3099612.216721348,5298172,4
2013-07-07,0.4347810011117233,2303544.5262221014,5298172,4
2013-07-08,0.3890688596459454,2061353.7382480777,5298172,4
2013-07-09,0.4210610101348436,2230853.6541881445,5298172,4
2013-07-10,0.6805205755095132,3605515.058588389,5298172,4
2013-07-11,0.6445060644819182,3414703.984668293,5298172,4
2013-07-12,0.6816995300814465,3611761.362690677,5298172,4
2013-07-13,0.5009677790804388,2654213.4600261664,5298172,4
2013-07-14,0.3837847061700287,2033357.3842582733,5298172,4
2013-07-15,0.5541640275338678,2936056.334087168,5298172,4
2013-07-16,0.5985022785596198,3170968.014200778,5298172,4
2013-07-17,0.8170780690497064,4329020.147253221,5298172,4
2013-07-18,0.3985750982435977,2111719.4254114786,5298172,4
2013-07-19,0.2720472627413358,1441353.1901327888,5298172,4
2013-07-20,0.336044863784031,1780423.488044367,5298172,4
2013-07-21,0.5598678424071507,2966276.1263419786,5298172,4
2013-07-22,0.4611504423306595,2443254.361343915,5298172,4
2013-07-23,0.2143159796458836,1135482.9225123904,5298172,4
2013-07-24,0.2154455091569829,1141467.3641412703,5298172,4
2013-07-25,0.4253731973650102,2253700.363829771,5298172,4
2013-07-26,0.5267747851698223,2790943.417092768,5298172,4
2013-07-27,0.729999469784878,3867662.750829086,5298172,4
2013-07-28,0.4903793117141772,2598113.9387033256,5298172,4
2013-07-29,0.3815817695699678,2021685.847246056,5298172,4
2013-07-30,0.6235364183197211,3303603.1925218333,5298172,4
2013-07-31,0.5492440238363603,2909989.3082571365,5298172,4
2013-08-01,0.6184302226024709,3276549.6893461784,5298172,4
2013-08-02,0.8886145025651196,4708032.476284445,5298172,4
2013-08-03,0.6585482182057794,3489101.7303477502,5298172,4
2013-08-04,0.4650261013386067,2463788.2693813685,5298172,4
2013-08-05,0.5031595135879074,2665825.6464250707,5298172,4
2013-08-06,0.632426801758384,3350705.9731258205,5298172,4
2013-08-07,0.5569366310842438,2950746.0645848704,5298172,4
2013-08-08,0.4133149093878514,2189813.4801012515,5298172,4
2013-08-09,0.3361028939936082,1780730.942075903,5298172,4
2013-08-10,0.2724127076618842,1443289.3801783803,5298172,4
2013-08-11,0.3375669533838492,1788487.780543615,5298172,4
2013-08-12,0.6631689829527029,3513583.336748488,5298172,4
2013-08-13,0.743021656831457,3936656.5376180345,5298172,4
2013-08-14,0.3003716702292341,1591420.7728017615,5298172,4
2013-08-15,0.5639644667046418,2987980.7464894657,5298172,4
2013-08-16,0.6565805589283719,3478676.7330586496,5298172,4
2013-08-17,0.5780111937493152,3062402.7224091967,5298172,4
2013-08-18,0.7318643791808342,3877543.361573279,5298172,4
2013-08-19,0.3889127690107403,2060526.743215172,5298172,4
2013-08-20,0.3724962980603335,1973549.4564869131,5298172,4
2013-08-21,0.6061207889699797,3211332.192738655,5298172,4
2013-08-22,0.6990477397566967,3703675.161442217,5298172,4
2013-08-23,0.5382197170571678,2851580.634760209,5298172,4
2013-08-24,0.1659326105851764,879139.5112892851,5298172,4
2013-08-25,0.2557502927185006,1355009.039872964,5298172,4
2013-08-26,0.2745026237056769,1454362.114843954,5298172,4
2013-08-27,0.5489626980691644,2908498.795954501,5298172,4
2013-08-28,0.4678926130316255,2478975.541370993,5298172,4
2013-08-29,0.6533575103861924,3461600.4675178337,5298172,4
2013-08-30,0.4988655693813623,2643075.5914603914,5298172,4
2013-08-31,0.416245423943624,2205339.8502662387,5298172,4
2013-09-01,0.747010624349712,3957790.773632162,5298172,4
2013-09-02,0.6434018125463843,3408853.467982502,5298172,4
2013-09-03,0.8158524330668426,4322526.51700662,5298172,4
2013-09-04,0.3903998752394189,2068405.6877969825,5298172,4
2013-09-05,0.4348119792558796,2303708.6537580825,5298172,4
2013-09-06,0.6344237357497514,3361286.072884732,5298172,4
2013-09-07,0.6469176638538597,3427481.052935932,5298172,4
2013-09-08,0.6734819817611308,3568223.378271334,5298172,4
2013-09-09,0.618879374387811,3278929.3727590176,5298172,4
2013-09-10,0.4106896901029126,2175904.6167919287,5298172,4
2013-09-11,0.6040704843124344,3200469.3260105792,5298172,4
2013-09-12,0.6071368278102554,3216715.3412731164,5298172,4
2013-09-13,0.6511168677298959,3449729.157334238,5298172,4
2013-09-14,0.4059608062508996,2150850.176775941,5298172,4
2013-09-15,0.2099561158192389,1112383.614062249,5298172,4
2013-09-16,0.3554206730775695,1883079.8583207328,5298172,4
2013-09-17,0.3886828338262609,2059308.5070589485,5298172,4
2013-09-18,0.3591794689383669,1902994.6053041252,5298172,4
2013-09-19,0.3608878331154341,1912045.812552866,5298172,4
2013-09-20,0.4515036165912513,2392143.819322503,5298172,4
2013-09-21,0.4775234095793643,2530001.15797792,5298172,4
2013-09-22,0.6904427946402895,3658084.682164932,5298172,4
2013-09-23,0.4144771959268971,2195971.4740984,5298172,4
2013-09-24,0.273904479712276,1451193.045086149,5298172,4
2013-09-25,0.3389828586353611,1795989.4901018287,5298172,4
2013-09-26,0.6292269119131747,3333752.4063448487,5298172,4
2013-09-27,0.6328233999717813,3352807.218675292,5298172,4
2013-09-28,0.7834968799657765,4151101.231522038,5298172,4
2013-09-29,0.7877131075784289,4173439.53060502,5298172,4
2013-09-30,0.3983821477690371,2110697.1406097747,5298172,4
2013-10-01,0.2261040208255803,1197937.9922255068,5298172,4
2013-10-02,0.2599088462009948,1377041.7714944177,5298172,4
2013-10-03,0.496570889675314,2630917.983692838,5298172,4
2013-10-04,0.4312260324660817,2284709.6908828854,5298172,4
2013-10-05,0.4330777711702196,2294520.5210364647,5298172,4
2013-10-06,0.3257653548656875,1725960.881719449,5298172,4
2013-10-07,0.388470967253777,2058186.001516878,5298172,4
2013-10-08,0.4551520328105539,2411473.755979958,5298172,4
2013-10-09,0.5789170943712209,3067202.33971896,5298172,4
2013-10-10,0.5740046869140409,3041175.5600767382,5298172,4
2013-10-11,0.2341759139986619,1240704.2706221188,5298172,4
2013-10-12,0.4100006329450856,2172253.8734519305,5298172,4
2013-10-13,0.3505111798830346,1857068.5189432572,5298172,4
2013-10-14,0.2067453721637343,1095372.5419274769,5298172,4
2013-10-15,0.225759376792543,1196112.0088597017,5298172,4
2013-10-16,0.3743620582681918,1983434.5749789025,5298172,4
2013-10-17,0.2888518193765178,1530386.6215697243,5298172,4
2013-10-18,0.2852713899381766,1511416.890571529,5298172,4
2013-10-19,0.3418032257835757,1810932.280356219,5298172,4
2013-10-20,0.4582767063689617,2428028.8139362545,5298172,4
2013-10-21,0.4336010871752189,2297293.139241304,5298172,4
2013-10-22,0.2386983880988051,1264665.1162702227,5298172,4
2013-10-23,0.2849900040322991,1509926.0596438143,5298172,4
2013-10-24,0.304310421728598,1612288.9557106495,5298172,4
2013-10-25,0.2157286387621691,1142967.433487839,5298172,4
2013-10-26,0.5233925720064425,2773023.8700125176,5298172,4
2013-10-27,0.6076489072212014,3219428.4260699665,5298172,4
2013-10-28,0.2345744601052326,1242815.8364446608,5298172,4
2013-10-29,0.3405950582838359,1804531.201137788,5298172,4
2013-10-30,0.4681393329044462,2480282.705693016,5298172,4
2013-10-31,0.2137195147555894,1132322.7489316503,5298172,4
2013-11-01,0.361057297514309,1912943.6640859812,5298172,4
2013-11-02,0.254263769842719,1347133.185995138,5298172,4
2013-11-03,0.2323164804267982,1230852.6717358106,5298172,4
2013-11-04,0.3155295113900099,1671729.6224202318,5298172,4
2013-11-05,0.5930635891823292,3142152.902425319,5298172,4
2013-11-06,0.9242426942156752,4896796.763698053,5298172,4
2013-11-07,0.7108611159442231,3766264.460384437,5298172,4
2013-11-08,0.5909211727333107,3130802.0115827904,5298172,4
2013-11-09,0.6001731316856056,3179820.4814489884,5298172,4
2013-11-10,0.8925961772923627,4729128.073837432,5298172,4
2013-11-11,0.7508568059808487,3978168.505457165,5298172,4
2013-11-12,0.3412576470490641,1808041.710381234,5298172,4
2013-11-13,0.3335416778465916,1767161.178399832,5298172,4
2013-11-14,0.4890707945694287,2591181.1898054997,5298172,4
2013-11-15,0.5163678068827364,2735805.4561275216,5298172,4
2013-11-16,0.4331037364304697,2294658.0894512944,5298172,4
2013-11-17,0.3290672730114794,1743455.011985776,5298172,4
2013-11-18,0.2473252346765263,1310371.633256601,5298172,4
2013-11-19,0.2933639311269407,1554292.565706686,5298172,4
2013-11-20,0.3125376889357643,1655878.432464176,5298172,4
2013-11-21,0.2947825569280328,1561808.6892045094,5298172,4
2013-11-22,0.3552259884422769,1882048.3856371955,5298172,4
2013-11-23,0.4619250344200262,2447358.283463219,5298172,4
2013-11-24,0.4317886045442252,2287690.2945152866,5298172,4
2013-11-25,0.7165861361091049,3796596.601921449,5298172,4
2013-11-26,0.6854912104452131,3631850.3374269353,5298172,4
2013-11-27,0.730695816643593,3871352.116258218,5298172,4
2013-11-28,0.6984100801750853,3700296.731301392,5298172,4
2013-11-29,0.5718467622499753,3029742.504043476,5298172,4
2013-11-30,0.3472977904844376,1840043.4292065136,5298172,4
2013-12-01,0.356421497185339,1888382.396585442,5298172,4
2013-12-02,0.517046982244022,2739403.8440097747,5298172,4
2013-12-03,0.6848726492297019,3628573.093714629,5298172,4
2013-12-04,0.3039797556910069,1610537.030168933,5298172,4
2013-12-05,0.5653908449443404,2995537.943740446,5298172,4
2013-12-06,0.4675672370897282,2477251.64366616,5298172,4
2013-12-07,0.3271186402461634,1733130.820430296,5298172,4
2013-12-08,0.2573191402476125,1363321.0639239738,5298172,4
2013-12-09,0.4907087348584332,2599859.279182375,5298172,4
2013-12-10,0.2967834520539533,1572409.775735598,5298172,4
2013-12-11,0.2800301547537899,1483647.9250721964,5298172,4
2013-12-12,0.4585507387821495,2429480.6847948986,5298172,4
2013-12-13,0.3097164532026084,1640931.0402973704,5298172,4
2013-12-14,0.2704929484862285,1433118.1658671787,5298172,4
2013-12-15,0.2496035279217552,1322442.422736262,5298172,4
2013-12-16,0.2694579840763918,1427634.746409985,5298172,4
2013-12-17,0.2656961156670406,1407703.7205358762,5298172,4
2013-12-18,0.2907768437903769,1540585.7320185483,5298172,4
2013-12-19,0.2460721119630787,1303732.3735836488,5298172,4
2013-12-20,0.2437920059199707,1291651.9795890232,5298172,4
2013-12-21,0.3141061448005591,1664188.381410268,5298172,4
2013-12-22,0.3372413823143239,1786762.849019046,5298172,4
2013-12-23,0.3036126017405537,1608591.785388953,5298172,4
2013-12-24,0.5335973842719365,2827090.7206228143,5298172,4
2013-12-25,0.5378948208259512,2849859.278645071,5298172,4
2013-12-26,0.5280968753866591,2797948.0784610864,5298172,4
2013-12-27,0.4517890634976748,2393656.1661296026,5298172,4
2013-12-28,0.290285539941196,1537982.7197213264,5298172,4
2013-12-29,0.496676635755454,2631478.244613745,5298172,4
2013-12-30,0.3019369171981524,1599713.72046557,5298172,4
2013-12-31,0.2832958085063142,1500949.920345516,5298172,4
2014-01-01,0.3301804324938838,1749352.722386985,5298172,4
2014-01-02,0.367582497168512,1947515.2941882897,5298172,4
2014-01-03,0.379584118319934,2011101.9473273612,5298172,4
2014-01-04,0.2266424647694283,1200790.7608523718,5298172,4
2014-01-05,0.2441638091365639,1293621.856980687,5298172,4
2014-01-06,0.2504888156248366,1327132.8292566717,5298172,4
2014-01-07,0.3092930592341536,1638687.826228734,5298172,4
2014-01-08,0.4544583585261966,2407798.5503094564,5298172,4
2014-01-09,0.3224359496822489,1708321.1203999002,5298172,4
2014-01-10,0.5528208385196984,2928939.8876615874,5298172,4
2014-01-11,0.5176457624404885,2742576.2844808483,5298172,4
2014-01-12,0.2273865902489737,1204733.265632586,5298172,4
2014-01-13,0.3157576349245635,1672938.2601435443,5298172,4
2014-01-14,0.5329984729184855,2823917.585259478,5298172,4
2014-01-15,0.2466793693661869,1306949.7277535896,5298172,4
2014-01-16,0.2370244561447538,1255796.336861363,5298172,4
2014-01-17,0.2371979374768891,1256715.4707978046,5298172,4
2014-01-18,0.2241021921265971,1187331.9594637577,5298172,4
2014-01-19,0.3317313137750671,1757569.558166275,5298172,4
2014-01-20,0.22000821485185,1165641.3636980555,5298172,4
2014-01-21,0.257411112344007,1363808.3479098724,5298172,4
2014-01-22,0.3234754243044153,1713828.4357377728,5298172,4
2014-01-23,0.3386657386354297,1794309.3337975522,5298172,4
2014-01-24,0.3791768506634662,2008944.173233358,5298172,4
2014-01-25,0.2205764604363379,1168652.0265429136,5298172,4
2014-01-26,0.2328327067880152,1233587.7277884723,5298172,4
2014-01-27,0.2304937829050393,1221195.7067615578,5298172,4
2014-01-28,0.2810950689860247,1489290.0238398244,5298172,4
2014-01-29,0.2950645596342989,1563302.7880467726,5298172,4
2014-01-30,0.3411896234259355,1807681.309525836,5298172,4
2014-01-31,0.3623933251171979,1920022.168122835,5298172,4
2014-02-01,0.3122528266293152,1654369.1829682924,5298172,4
2014-02-02,0.2714778211713252,1438336.1907509223,5298172,4
2014-02-03,0.4229379688024725,2240798.1040461333,5298172,4
2014-02-04,0.2047352063463006,76905.70923589266,375635,1
2014-02-05,0.305441339296505,1618280.7515032426,5298172,4
2014-02-06,0.3311183773742661,1754322.11568977,5298172,4
2014-02-07,0.2335926149681041,1237613.8520307904,5298172,4
2014-02-08,0.2644549508911872,1401127.816073063,5298172,4
2014-02-09,0.2470824015383175,1309085.0615230708,5298172,4
2014-02-10,0.2551929320171029,1352056.0470109186,5298172,4
2014-02-11,0.2335938631500284,1237620.4651133125,5298172,4
2014-02-12,0.2790198387476963,1478295.0970975598,5298172,4
2014-02-13,0.3231232546042658,1711962.5800931922,5298172,4
2014-02-14,0.3900499643063147,2066551.799488716,5298172,4
2014-02-15,0.3983044507699522,2110285.48854474,5298172,4
2014-02-16,0.3604527592735011,1909740.716505604,5298172,4
2014-02-17,0.3229609741843674,1711102.7905163383,5298172,4
2014-02-18,0.2745527028024573,1454627.4425123013,5298172,4
2014-02-19,0.3187986095737803,1689049.866882735,5298172,4
2014-02-20,0.3105803731146883,1645508.2365857945,5298172,4
2014-02-21,0.2473446944797461,1310474.7346411454,5298172,4
2014-02-22,0.3756792553245947,1990413.3115416183,5298172,4
2014-02-23,0.3996661357853172,2117499.929965966,5298172,4
2014-02-24,0.4408442464150595,2335668.642717369,5298172,4
2014-02-25,0.5126735973238344,2716232.8984804144,5298172,4
2014-02-26,0.5865494646558429,3107639.9502545767,5298172,4
2014-02-27,0.3930638283853852,2082519.7697642527,5298172,4
2014-02-28,0.458283400967534,2428064.283070962,5298172,4
2014-03-01,0.5085115330174029,2694181.56590988,5298172,4
2014-03-02,0.5764479729412136,3054120.5096938955,5298172,4
2014-03-03,0.5638224895572321,2987228.5271424195,5298172,4
2014-03-04,0.3709353461160288,1965279.2646022527,5298172,4
2014-03-05,0.4729420766514303,2505728.468136462,5298172,4
2014-03-06,0.4668497045080957,2473450.032633066,5298172,4
2014-03-07,0.3667366588052315,1943033.8970554308,5298172,4
2014-03-08,0.4290795224390084,2273337.1115597263,5298172,4
2014-03-09,0.6047908245398752,3204285.81243408,5298172,4
2014-03-10,0.6940880147803633,3677397.6854449073,5298172,4
2014-03-11,0.3970736370590934,2103764.425804651,5298172,4
2014-03-12,0.3785625434661949,2005689.468041377,5298172,4
2014-03-13,0.5174312257736305,2741439.632319528,5298172,4
2014-03-14,0.5545206748340352,2937945.91282679,5298172,4
2014-03-15,0.41641760151148,2206252.076635281,5298172,4
2014-03-16,0.3131640623849724,1659197.0667343142,5298172,4
2014-03-17,0.4006315188556078,2122614.6955182534,5298172,4
2014-03-18,0.3303756626565378,1750387.0853683143,5298172,4
2014-03-19,0.3558253987929513,1885224.164773648,5298172,4
2014-03-20,0.3780964895102933,2003220.23402173,5298172,4
2014-03-21,0.3849628107815598,2039599.1851241584,5298172,4
2014-03-22,0.3595234385515163,1904817.0154773649,5298172,4
2014-03-23,0.5441436114092162,2882966.44594719,5298172,4
2014-03-24,0.7821476632197969,4143952.849136558,5298172,4
2014-03-25,0.6611543424520719,3502909.4248579787,5298172,4
2014-03-26,0.3634686744858784,1925719.554038196,5298172,4
2014-03-27,0.3148991360682643,1668389.7855410683,5298172,4
2014-03-28,0.3941847883110977,2088458.808255785,5298172,4
2014-03-29,0.5665968297768176,3001927.458812301,5298172,4
2014-03-30,0.7669460431300295,4063412.051222314,5298172,4
2014-03-31,0.5451757227186743,2888434.7491878443,5298172,4
2014-04-01,0.375608856726995,1990040.327662977,5298172,4
2014-04-02,0.5405665502450941,2864014.560645151,5298172,4
2014-04-03,0.4886847843548454,2589136.04129488,5298172,4
2014-04-04,0.5026680982532002,2663222.0434583547,5298172,4
2014-04-05,0.4529690616025463,2399907.999048886,5298172,4
2014-04-06,0.54601689781594,2892891.439535274,5298172,4
2014-04-07,0.4361339515987948,2310712.69061009,5298172,4
2014-04-08,0.4605942870441463,2440307.754977259,5298172,4
2014-04-09,0.5488206049128126,2907745.9619721263,5298172,4
2014-04-10,0.5429641490817778,2876717.451668901,5298172,4
2014-04-11,0.4867960841727549,2579129.382873733,5298172,4
2014-04-12,0.3508172476733076,1858690.118739784,5298172,4
2014-04-13,0.3311907370734036,1754705.4898216692,5298172,4
2014-04-14,0.427320803330823,2264019.115224873,5298172,4
2014-04-15,0.2749489837044545,1456727.0068913968,5298172,4
2014-04-16,0.4014346382046202,2126869.759965849,5298172,4
2014-04-17,0.4179362934579066,2214298.3677824643,5298172,4
2014-04-18,0.4942819101140627,2618790.576272844,5298172,4
2014-04-19,0.6045406255956295,3202960.2153932475,5298172,4
2014-04-20,0.3589705918576513,1901887.9386036363,5298172,4
2014-04-21,0.2958328491781717,1567373.3181960124,5298172,4
2014-04-22,0.5020524043198388,2659959.9911000486,5298172,4
2014-04-23,0.4166486638012329,2207476.2843891056,5298172,4
2014-04-24,0.575771080655576,3050534.2179391147,5298172,4
2014-04-25,0.7043292072973506,3731657.2848850186,5298172,4
2014-04-26,0.8582475186268682,4547142.972258352,5298172,4
2014-04-27,0.5845628888058516,3097114.7297102767,5298172,4
2014-04-28,0.4890263455743203,2590945.691384188,5298172,4
2014-04-29,0.5599828291273694,2966885.345763413,5298172,4
2014-04-30,0.5396198929120963,2858999.007269867,5298172,4
2014-05-01,0.5015578120279652,2657339.556067829,5298172,4
2014-05-02,0.3486360723872956,1847133.876912343,5298172,4
2014-05-03,0.418477348127028,2217164.9684808725,5298172,4
2014-05-04,0.4814930622666836,2551033.0606956,5298172,4
2014-05-05,0.5523540277190436,2926466.6437482606,5298172,4
2014-05-06,0.3636966005706326,1926927.14563851,5298172,4
2014-05-07,0.5568006475635735,2950025.600503193,5298172,4
2014-05-08,0.4476376959816192,2371661.5069943275,5298172,4
2014-05-09,0.4809640310641558,2548230.1623912407,5298172,4
2014-05-10,0.5283255663791747,2799159.722674285,5298172,4
2014-05-11,0.6746120096266454,3574210.460267623,5298172,4
2014-05-12,0.4799618086182473,2542920.2154905563,5298172,4
2014-05-13,0.3165149903387806,1676950.8593931985,5298172,4
2014-05-14,0.3229250976998483,1710912.7107306009,5298172,4
2014-05-15,0.4664824985354316,2471504.512230465,5298172,4
2014-05-16,0.5070399833048768,2686385.0424263654,5298172,4
2014-05-17,0.3976089302522413,2106600.501212378,5298172,4
2014-05-18,0.2913242006302124,1543485.7227013742,5298172,4
2014-05-19,0.3086897742879179,1635491.5188185666,5298172,4
2014-05-20,0.4289684584215273,2272748.6752921003,5298172,4
2014-05-21,0.6527224543482388,3458235.831399117,5298172,4
2014-05-22,0.4748278307493925,2515719.5176971704,5298172,4
2014-05-23,0.278528036105344,1475689.4421083229,5298172,4
2014-05-24,0.2772955709245858,1469159.6295966548,5298172,4
2014-05-25,0.3420265974220361,1812115.7417167043,5298172,4
2014-05-26,0.5285660991421975,2800434.106624415,5298172,4
2014-05-27,0.4879903910821794,2585457.026300653,5298172,4
2014-05-28,0.4597756039935235,2435970.2313615745,5298172,4
2014-05-29,0.3943810951854965,2089498.8758411324,5298172,4
2014-05-30,0.6333675562772212,3355690.2523763976,5298172,4
2014-05-31,0.5998493096366341,3178104.816536145,5298172,4
2014-06-01,0.4528954330518309,2399517.902323085,5298172,4
2014-06-02,0.4545360659658312,2408210.25769032,5298172,4
2014-06-03,0.4331668196148138,2294992.315012257,5298172,4
2014-06-04,0.4276407905103631,2265714.462339872,5298172,4
2014-06-05,0.4716865859176782,2499076.662284637,5298172,4
2014-06-06,0.6186239813852666,3277576.2567039407,5298172,4
2014-06-07,0.8694536425059454,4606514.944023009,5298172,4
2014-06-08,0.5900632114331392,3126256.385045138,5298172,4
2014-06-09,0.2868460752350042,1519759.8441199928,5298172,4
2014-06-10,0.2671559462392879,1415438.153998501,5298172,4
2014-06-11,0.5883945722345337,3117415.647564984,5298172,4
2014-06-13,0.3939940062794838,2087448.0122377852,5298172,4
2014-06-14,0.3088662751292982,1636426.6506343444,5298172,4
2014-06-15,0.3226695384671245,1709558.7139594422,5298172,4
2014-06-16,0.4330211879889407,2294220.733609742,5298172,4
2014-06-17,0.5307363534863322,2811932.487423388,5298172,4
2014-06-18,0.5962144105220815,3158846.4958245973,5298172,4
2014-06-19,0.4649357640111465,2463309.646682464,5298172,4
2014-06-20,0.4336664659628155,2297639.5273031425,5298172,4
2014-06-21,0.379562620723922,2010988.0493661035,5298172,4
2014-06-22,0.4321936474249251,2289836.2813646104,5298172,4
2014-06-23,0.780261996952012,4133962.264915236,5298172,4
2014-06-24,0.7475834914882246,3960825.9222651497,5298172,4
2014-06-25,0.6021826085293933,3190467.0353973927,5298172,4
2014-06-26,0.3574924092135327,1894056.272707681,5298172,4
2014-06-27,0.4583032734245404,2428169.5707662445,5298172,4
2014-06-28,0.2969536374373308,1573311.447168618,5298172,4
2014-06-29,0.6246545290257393,3309527.135357359,5298172,4
2014-06-30,0.5087108618607008,2695237.644406233,5298172,4
2014-07-01,0.5642128767886244,2989296.86584094,5298172,4
2014-07-02,0.4587710544721828,2430647.955214994,5298172,4
2014-07-03,0.5525907968414017,2927721.087282803,5298172,4
2014-07-04,0.7656262604547588,4056419.615606111,5298172,4
2014-07-05,0.4647653089497068,2462406.546448686,5298172,4
2014-07-06,0.3843100224702416,2036140.600371205,5298172,4
2014-07-07,0.2476081993730087,1311870.828888493,5298172,4
2014-07-08,0.40402686554272,2140603.826266204,5298172,4
2014-07-09,0.4095972978417628,2170116.934700888,5298172,4
2014-07-10,0.2962954283968023,1569824.142459943,5298172,4
2014-07-11,0.3106974444053964,1646128.500420228,5298172,4
2014-07-12,0.4145650087081592,2196436.7213173257,5298172,4
2014-07-13,0.7308017862448406,3871913.5614324,5298172,4
2014-07-14,0.501087568249383,2654848.1236469704,5298172,4
2014-07-15,0.6342497464612071,3360364.2477078666,5298172,4
2014-07-16,0.3331285758639872,1764972.4930424532,5298172,4
2014-07-17,0.5511484458723315,2920079.2637643022,5298172,4
2014-07-18,0.4234705028985548,2243619.561283042,5298172,4
2014-07-19,0.4508778525768116,2388828.4139425918,5298172,4
2014-07-20,0.6002845908123159,3180411.0110732694,5298172,4
2014-07-21,0.47178237377031,2499584.162803391,5298172,4
2014-07-22,0.5017585580189932,2658403.142856605,5298172,4
2014-07-23,0.4920496129402317,2606963.4818907734,5298172,4
2014-07-24,0.5142440251221917,2724553.2950696927,5298172,4
2014-07-25,0.3328434680003983,1763461.9425426065,5298172,4
2014-07-26,0.2167088573800866,1148160.8003231685,5298172,4
2014-07-27,0.2417441611814059,1280802.1459348118,5298172,4
2014-07-28,0.3670278491530519,1944576.6736029235,5298172,4
2014-07-29,0.5749174626637664,3046011.6029962124,5298172,4
2014-07-30,0.7040333679537497,3730089.877158254,5298172,4
2014-07-31,0.7078493194211848,3750307.4443763774,5298172,4
2014-08-01,0.5635675416508078,2985877.769283144,5298172,4
2014-08-02,0.5490120503308664,2908760.2727255872,5298172,4
2014-08-03,0.5413312636680797,2868066.143890837,5298172,4
2014-08-04,0.6454357211919558,3419629.465819027,5298172,4
2014-08-05,0.5141030074137578,2723806.158995364,5298172,4
2014-08-06,0.384372021977422,2036469.084424162,5298172,4
2014-08-07,0.3709308904984679,1965255.6579740488,5298172,4
2014-08-09,0.5789610286246145,3067435.110950131,5298172,4
2014-08-10,0.5099387348732991,2701743.126821137,5298172,4
2014-08-11,0.634875970495405,3363682.0903515806,5298172,4
2014-08-12,0.3300626349076374,1748728.6105138669,5298172,4
2014-08-13,0.3564385916144875,1888472.965811313,5298172,4
2014-08-14,0.3633006584712913,1924829.3762941584,5298172,4
2014-08-15,0.53346521226331,2826390.450587525,5298172,4
2014-08-16,0.4270658151917322,2262667.717140195,5298171,4
2014-08-17,0.3539069510411291,1875059.898611481,5298172,4
2014-08-18,0.3936860272428713,2085816.2863294175,5298172,4
2014-08-19,0.6243132587923951,3307719.0269626216,5298172,4
2014-08-20,0.6874234522241822,3642087.6867175,5298172,4
2014-08-21,0.6364649184953907,3372100.6101545608,5298172,4
2014-08-22,0.8871736494038095,4700398.58840908,5298172,4
2014-08-23,0.48321322136304,2560146.7594554606,5298172,4
2014-08-24,0.605880392180282,3210058.529198589,5298172,4
2014-08-25,0.8571034423484281,4541081.459354056,5298172,4
2014-08-26,0.8185486386214296,4336811.477782177,5298172,4
2014-08-27,0.3260025167267472,1727217.4060511836,5298172,4
2014-08-28,0.3655368509411215,1936677.1086244236,5298172,4
2014-08-29,0.5312305653072102,2814550.906654833,5298172,4
2014-08-30,0.6038254033076915,3199170.8446935187,5298172,4
2014-08-31,0.6351225146510584,3364988.3236938277,5298172,4
2014-09-01,0.7455803292492326,3950212.824179065,5298172,4
2014-09-02,0.7713247257809115,4086611.065040103,5298172,4
2014-09-03,0.7528226182321733,3988583.7168843914,5298172,4
2014-09-04,0.645867483309409,3421917.015780378,5298172,4
2014-09-05,0.440311645642282,2332846.8322158605,5298172,4
2014-09-06,0.6285941885076296,3330400.128913845,5298172,4
2014-09-07,0.454611259663277,2408608.646832704,5298172,4
2014-09-08,0.4115036490547056,2180217.111319468,5298172,4
2014-09-09,0.4856478324362568,2573045.747674468,5298172,4
2014-09-10,0.7208389567523781,3819128.777174661,5298172,4
2014-09-11,0.5780438782773953,3062575.890660704,5298172,4
2014-09-12,0.3031402062154412,1606088.952644877,5298172,4
2014-09-13,0.3703424364728294,1962137.9273321235,5298172,4
2014-09-14,0.3988492773372177,2113172.0734082814,5298172,4
2014-09-15,0.540514187277427,2863737.13263602,5298172,4
2014-09-16,0.5980451175619813,3168545.896603598,5298172,4
2014-09-17,1.04682657086875,5546267.226632826,5298172,4
2014-09-18,0.5620615596041074,2977898.817370813,5298172,4
2014-09-19,0.2859456527532719,1514989.250939108,5298172,4
2014-09-20,0.4361942718763958,2311032.277815908,5298172,4
2014-09-21,0.4493242017959899,2380596.904877864,5298172,4
2014-09-22,0.7722659160773614,4091597.653115426,5298172,4
2014-09-23,0.6754106451596388,3578441.7686867337,5298172,4
2014-09-24,0.432486061080132,2291385.539205045,5298172,4
2014-09-25,0.28473454605716,1508572.5993527556,5298172,4
2014-09-26,0.2371129084498999,186008.9117433268,784474,1
2014-09-27,0.4049585596288317,2145540.1017858065,5298172,4
2014-09-28,0.2045915591580888,1083961.2701677298,5298172,4
2014-09-29,0.3536668764071749,1873787.9419079544,5298172,4
2014-09-30,0.4631215437337942,2453697.595607164,5298172,4
2014-10-01,0.4608672488698921,2441753.953679494,5298172,4
2014-10-02,0.3054173862843593,1618153.844324977,5298172,4
2014-10-03,0.5317232267879974,2817161.111917818,5298172,4
2014-10-04,0.2776695973012031,1471141.28567251,5298172,4
2014-10-05,0.2507197911632994,1328356.5773872402,5298172,4
2014-10-06,0.2669339063292688,1414261.7483643547,5298172,4
2014-10-07,0.3331687097779014,1765185.1294214036,5298172,4
2014-10-08,0.6397277863655654,3389387.84534402,5298172,4
2014-10-09,0.3030613592326394,1601161.0486202114,5283290,3
2014-10-10,0.4321911889726813,2289823.2560617686,5298172,4
2014-10-11,0.4041984427059479,2141512.8715882576,5298172,4
2014-10-12,0.5586432932432771,2959788.25424932,5298172,4
2014-10-13,0.7128705183685047,3776910.620045497,5298172,4
2014-10-14,0.7273089708990799,3853408.02496632,5298172,4
2014-10-15,0.669128467852612,3545157.712779609,5298172,4
2014-10-16,0.7040220643461711,3730029.988701082,5298172,4
2014-10-17,0.7316187299842726,3876241.8698782334,5298172,4
2014-10-18,1.0733634419610194,5686864.134021498,5298172,4
2014-10-19,0.8014102887755075,4246009.552502308,5298172,4
2014-10-20,0.4909307724975037,2601035.672784644,5298172,4
2014-10-21,0.3201787907565156,1696362.3041800298,5298172,4
2014-10-22,0.4516640178352967,2392993.65270247,5298172,4
2014-10-23,0.5509043045199277,2918785.760886954,5298172,4
2014-10-24,0.476022214917094,2522047.57045173,5298172,4
2014-10-25,0.3666000072118957,1942309.893409864,5298172,4
2014-10-26,0.4967340635485572,2631782.5069391867,5298172,4
2014-10-27,0.4046881523907454,2144107.437728381,5298172,4
2014-10-28,0.5729600149041191,3035640.7080845865,5298172,4
2014-10-29,0.3916863215469592,2075221.501603096,5298172,4
2014-10-30,0.726003611291075,3846492.0052412576,5298172,4
2014-10-31,0.3570351101494544,1891633.4236107552,5298172,4
2014-11-01,0.3317242200776362,1757531.9745371705,5298172,4
2014-11-02,0.2865242380108068,1518054.6951501924,5298172,4
2014-11-03,0.3321402582604096,1759736.216388071,5298172,4
2014-11-04,0.624474384405054,3308572.698172094,5298172,4
2014-11-05,0.2545608752768377,1348707.3016872338,5298172,4
2014-11-06,0.401052806239158,2124846.7485377323,5298172,4
2014-11-07,0.5786350801172129,3065708.179694774,5298172,4
2014-11-08,0.4296421656449685,2276318.092039534,5298172,4
2014-11-09,0.3519392152296203,1864634.495831548,5298172,4
2014-11-10,0.2459708832692183,1303196.0465522408,5298172,4
2014-11-11,0.309349832747552,1638988.622067763,5298172,4
2014-11-12,0.1800136532845934,70298.39183973958,390517,2
2014-11-13,0.3408864895005547,1806075.2538501327,5298172,4
2014-11-14,0.3148980110304104,1668383.8248970115,5298172,4
2014-11-15,0.415236835151957,2199996.1733707143,5298172,4
2014-11-16,0.5441775781274862,2883146.40746286,5298172,4
2014-11-17,0.5222155972842208,2766788.055494535,5298172,4
2014-11-18,0.4942499842409666,2618621.4275059304,5298172,4
2014-11-19,0.6897995666234029,3654676.749496248,5298172,4
2014-11-20,0.951369211653024,5040517.718842126,5298172,4
2014-11-21,0.3499259355922798,1853967.79402882,5298172,4
2014-11-22,0.3142286389473478,1664837.376468948,5298172,4
2014-11-23,0.3339819823473847,1769493.987377408,5298172,4
2014-11-24,0.4888913980219029,2590230.7160405014,5298172,4
2014-11-25,0.6241840815970423,3307034.623963165,5298172,4
2014-11-26,0.3713463909503274,1967457.0508340783,5298172,4
2014-11-27,0.3842606904112814,2035879.23063772,5298172,4
2014-11-28,0.4138679749293611,2192743.7164674434,5298172,4
2014-11-29,0.4687141112990442,2483327.98048948,5298172,4
2014-11-30,0.8736903164195795,4628961.5711253565,5298172,4
2014-12-01,0.4327213909616336,2292632.35739398,5298172,4
2014-12-02,0.2967672606831897,1572323.9910683767,5298172,4
2014-12-03,0.3052616182040451,1617328.5582433622,5298172,4
2014-12-04,0.5481929787744229,2904420.6907392414,5298172,4
2014-12-05,0.6656706426481218,3526837.560100285,5298172,4
2014-12-06,0.4728546773406245,2505265.4115551314,5298172,4
2014-12-07,0.4134520904090787,2190540.2887468496,5298172,4
2014-12-08,0.2950079300828966,1563002.7549431603,5298172,4
2014-12-09,0.4589297598450976,2431488.8035780205,5298172,4
2014-12-10,0.5666702641001959,3002316.526488264,5298172,4
2014-12-11,0.3388712645631986,1795398.2455133314,5298172,4
2014-12-12,0.2683179528863795,1421594.665079935,5298172,4
2014-12-13,0.3635172732606778,1925977.038706072,5298172,4
2014-12-14,0.2815631312339077,1491769.8981358153,5298172,4
2014-12-15,0.4784710192960287,2535021.7572456794,5298172,4
2014-12-16,0.3108055836874352,1646701.4409364262,5298172,4
2014-12-17,0.3722468107304248,1972227.6297012367,5298172,4
2014-12-18,0.302681645953849,1603659.4215065965,5298172,4
2014-12-19,0.3269934437999956,1732467.5081247103,5298172,4
2014-12-20,0.4590916035847112,2432346.2795476164,5298172,4
2014-12-21,0.3888156737302979,2060012.315719,5298172,4
2014-12-22,0.3653994377822148,1935949.0700734723,5298172,4
2014-12-23,0.2833463509187665,1501217.7027399829,5298172,4
2014-12-24,0.3953512160609734,2094638.7431002,5298172,4
2014-12-25,0.3716071205739845,1968838.441225709,5298172,4
2014-12-26,0.5474760027316471,2900622.028344736,5298172,4
2014-12-27,0.5312585480506989,2814699.164042868,5298172,4
2014-12-28,0.2949846385058345,1562879.3521617346,5298172,4
2014-12-29,0.3943775776517805,2089480.2393424893,5298172,4
2014-12-30,0.3503749476182947,1856346.736972716,5298172,4
2014-12-31,0.3058876126680018,1620645.1845844528,5298172,4
2015-01-01,0.4331285021003446,2294789.302229987,5298172,4
2015-01-02,0.2677496777075485,1418583.8454391574,5298172,4
2015-01-03,0.1926524342747001,1020705.7330060564,5298172,4
2015-01-04,0.2344017699427379,1241900.8942610556,5298172,4
2015-01-05,0.3174576029584129,1681944.983181381,5298172,4
2015-01-06,0.2782688350140281,1474316.1501439435,5298172,4
2015-01-07,0.2961999766339928,1569318.4226028752,5298172,4
2015-01-08,0.3051918514766353,1616958.922121668,5298172,4
2015-01-09,0.221831812369207,1175303.097003786,5298172,4
2015-01-10,0.2009917157827599,1064888.6807921766,5298172,4
2015-01-11,0.3649027105525597,1933317.3237736763,5298172,4
2015-01-12,0.2263603286899616,1199295.9553759517,5298172,4
2015-01-13,0.3140033855528975,1663643.9452415665,5298172,4
2015-01-14,0.2843776225049915,1506681.5569825158,5298172,4
2015-01-15,0.2777824861535061,1471739.3902288938,5298172,4
2015-01-16,0.2047693365809554,1084903.165531794,5298172,4
2015-01-17,0.3431117593573867,1817865.1162980448,5298172,4
2015-01-18,0.3618923435668311,1917367.8817001649,5298172,4
2015-01-19,0.3370691387112223,1785850.272783914,5298172,4
2015-01-20,0.3847004039515515,2038208.9086048,5298172,4
2015-01-21,0.1910015411517565,1011959.017287084,5298172,4
2015-01-22,0.3674130697926995,1946617.6388097263,5298172,4
2015-01-23,0.5226786080732178,2769241.1662924965,5298172,4
2015-01-24,0.4893101838810689,2592449.515553531,5298172,4
2015-01-25,0.2442203415051699,1293921.375193129,5298172,4
2015-01-26,0.4644576511361668,2460776.522435407,5298172,4
2015-01-27,0.4507205152501349,2387994.813723838,5298172,4
2015-01-28,0.4041765515172136,2141396.8883050587,5298172,4
2015-01-29,0.2691768065130528,1426145.019316874,5298172,4
2015-01-30,0.2204658308077819,1168065.8917425275,5298172,4
2015-01-31,0.239297126524825,1267837.3354342852,5298172,4
2015-02-01,0.3033185415028002,1607033.8036709735,5298172,4
2015-02-02,0.4495036171909711,2381547.478499922,5298172,4
2015-02-03,0.2735937416587274,1449546.7014315033,5298172,4
2015-02-04,0.2634418528671843,1395760.2484890358,5298172,4
2015-02-05,0.2698198411902504,1429551.927638631,5298172,4
2015-02-06,0.2721011326081249,1441638.6019526543,5298172,4
2015-02-07,0.2916121890104057,1545011.534673639,5298172,4
2015-02-08,0.3361887749943271,1781185.954389244,5298172,4
2015-02-09,0.3564524766426335,1888546.531078655,5298172,4
2015-02-10,0.3019055676092219,1599547.6249512862,5298172,4
2015-02-11,0.2216799981072556,1174498.7589319148,5298172,4
2015-02-12,0.3308708589462047,1753010.7204847313,5298172,4
2015-02-13,0.2556464708453031,1354458.9737314014,5298172,4
2015-02-14,0.2216386706500556,1174279.7989553465,5298172,4
2015-02-15,0.2601093694378288,1378104.1780931605,5298172,4
2015-02-16,0.3166050354828019,1677427.9340539875,5298172,4
2015-02-17,0.4406897052964064,2334849.857289672,5298172,4
2015-02-18,0.3964163996762861,2100282.269105708,5298172,4
2015-02-19,0.5930184515077963,3141913.755261964,5298172,4
2015-02-20,0.3499178554540785,1853924.9840668456,5298172,4
2015-02-21,0.3071261603269709,1627207.223111868,5298172,4
2015-02-22,0.3486674594855656,1847300.1711575584,5298172,4
2015-02-23,0.5077782138527573,2690296.314844691,5298172,4
2015-02-24,0.5309957185722494,2813306.6482593715,5298172,4
2015-02-25,0.6831169613829312,3619271.157524128,5298172,4
2015-02-26,0.5452551116390554,2888855.3653429174,5298172,4
2015-02-27,0.2685922621676178,1423048.0028331322,5298172,4
2015-02-28,0.3753002272205754,1988405.1554536903,5298172,4
2015-03-01,0.2831522532516214,1500189.3399146495,5298172,4
2015-03-02,0.3447686478081632,1826643.5962950715,5298172,4
2015-03-03,0.2987590957163871,1582877.0756698824,5298172,4
2015-03-04,0.3179821581941525,1684724.167043829,5298172,4
2015-03-05,0.2501947244494014,1325574.6836255342,5298172,4
2015-03-06,0.2549272623507821,1350648.4834235678,5298172,4
2015-03-07,0.3004437676158435,1591802.7571567688,5298172,4
2015-03-08,0.3484756286666928,1846283.818484269,5298172,4
2015-03-09,0.3016857057520992,1598382.759016011,5298172,4
2015-03-10,0.3607610986442229,1911374.35152606,5298172,4
2015-03-11,0.4738189666440113,2510374.382142235,5298172,4
2015-03-12,0.5463166352924786,2894479.5002408223,5298172,4
2015-03-13,0.4775275624821672,2530023.160771269,5298172,4
2015-03-14,0.4884636088310654,2587964.2153277034,5298172,4
2015-03-15,0.3529416994406278,1869945.8296087503,5298172,4
2015-03-16,0.3779078547459762,2002220.8145951985,5298172,4
2015-03-17,0.4859365951401825,2574575.662147051,5298172,4
2015-03-18,0.3551371025007525,1881577.452630617,5298172,4
2015-03-19,0.3531836710836762,1871227.836992743,5298172,4
2015-03-20,0.4620239162263511,2447882.1762808,5298172,4
2015-03-21,0.3525231422998829,1867728.2418852556,5298172,4
2015-03-22,0.5300216080251992,2808145.6430340856,5298172,4
2015-03-23,0.7170376459387362,3798988.778658526,5298172,4
2015-03-24,0.5008251592077828,2653457.8354102173,5298172,4
2015-03-25,0.3763002784708298,1993703.5989863535,5298172,4
2015-03-26,0.3609819934632822,1912544.690271345,5298172,4
2015-03-27,0.344636361619294,1825942.721313218,5298172,4
2015-03-28,0.4667782433385327,2473071.4190654005,5298172,4
2015-03-29,0.4672319003304502,2475474.971837582,5298172,4
2015-03-30,0.458098854534857,2427086.524328653,5298172,4
2015-03-31,0.4232617567372689,2242513.58821621,5298172,4
2015-04-01,0.366340600567798,1940935.512391492,5298172,4
2015-04-02,0.6214072910288186,3292322.709924738,5298172,4
2015-04-03,0.5941284082838123,3147794.4971738625,5298172,4
2015-04-04,0.3305093789888261,1751095.537495987,5298172,4
2015-04-05,0.3308182198009661,1752731.8292393242,5298172,4
2015-04-06,0.3648687347956797,1933137.314369896,5298172,4
2015-04-07,0.4257104391651175,2255487.128892329,5298172,4
2015-04-08,0.5234408850770143,2773279.840970255,5298172,4
2015-04-09,0.3011009506726009,1595284.6260269552,5298172,4
2015-04-10,0.3109217201052304,1647316.7516533688,5298172,4
2015-04-11,0.304756697823802,1614653.4032225288,5298172,4
2015-04-12,0.2915897947700349,1544892.8861363456,5298172,4
2015-04-13,0.4060348513257099,2151242.480318039,5298172,4
2015-04-14,0.5749910037559224,3046401.2363515226,5298172,4
2015-04-15,0.5018022659997968,2658634.715256676,5298172,4
2015-04-16,0.3300908639172115,1748878.17266198,5298172,4
2015-04-17,0.4383408272706304,2322405.0975020905,5298172,4
2015-04-18,0.4044593916934882,2142895.424207472,5298172,4
2015-04-19,0.412712817809878,2186623.495361397,5298172,4
2015-04-20,0.5522455042230161,2925891.6676002657,5298172,4
2015-04-21,0.3621910963837589,1918950.725509733,5298172,4
2015-04-22,0.4551861813384774,2411654.680754444,5298172,4
2015-04-23,0.4933459365202782,2613831.627185516,5298172,4
2015-04-24,0.4203978364967545,2227340.046187683,5298172,4
2015-04-25,0.37530146249813,1988411.7001666424,5298172,4
2015-04-26,0.4605902856310532,2440286.5548024485,5298172,4
2015-04-27,0.5282015344427684,2798502.580141711,5298172,4
2015-04-28,0.402585866092927,2132969.163329296,5298172,4
2015-04-29,0.2639344784529998,1398370.263574287,5298172,4
2015-04-30,0.436652142646753,2313458.155911033,5298172,4
2015-05-01,0.4300064519202146,2278248.143383027,5298172,4
2015-05-02,0.5432679534861407,2878327.059657573,5298172,4
2015-05-03,0.5514599362543564,2921729.593384616,5298172,4
2015-05-04,0.5075392822452567,2689030.4140919163,5298172,4
2015-05-05,0.3557888198990282,1885030.3635020745,5298172,4
2015-05-06,0.49637824810055,2629897.335495387,5298172,4
2015-05-07,0.3107098707972263,1646194.337581482,5298172,4
2015-05-08,0.470208253987659,2491244.205446304,5298172,4
2015-05-09,0.6216465795457929,3293590.5016452926,5298172,4
2015-05-10,0.5752267198339083,3047650.1006758576,5298172,4
2015-05-11,0.3982120686398391,2109796.0321296738,5298172,4
2015-05-12,0.4131327078592676,2188848.1450641514,5298172,4
2015-05-13,0.472707295378073,2504484.556567836,5298172,4
2015-05-14,0.5064340721760424,2683174.821049087,5298172,4
2015-05-15,0.5048404369559163,2674731.467547601,5298172,4
2015-05-16,0.2770786768838661,1468010.487663147,5298172,4
2015-05-17,0.2699159535562627,1430061.1474850914,5298172,4
2015-05-18,0.4811218004309098,2549066.0516326344,5298172,4
2015-05-19,0.6110552933680469,3237476.045774372,5298172,4
2015-05-20,0.6769330964509476,3586507.97748971,5298172,4
2015-05-21,0.6254778092333573,3313889.015501515,5298172,4
2015-05-22,0.3550710518769419,1881227.505064961,5298172,4
2015-05-23,0.5514809272529786,2921840.807305768,5298172,4
2015-05-24,0.6898691427562025,3655045.3758149142,5298172,4
2015-05-25,0.633075882918253,3354144.9167527664,5298172,4
2015-05-26,0.4441101003694876,2352971.6986948093,5298172,4
2015-05-27,0.361777404091102,1916758.9125881623,5298172,4
2015-05-28,0.3214703248136067,1703205.0737583565,5298172,4
2015-05-29,0.460633648768162,2440516.3001613105,5298172,4
2015-05-30,0.4554370400922863,2412983.773579829,5298172,4
2015-05-31,0.4154596230470805,2201176.541958597,5298172,4
2015-06-01,0.2714393140907088,1438132.1736145993,5298172,4
2015-06-02,0.3036979539409827,1609043.9960274044,5298172,4
2015-06-03,0.5198266529281623,2754131.017397708,5298172,4
2015-06-04,0.596906011901304,3162510.7188871554,5298172,4
2015-06-05,0.6158453317667707,3262854.493097415,5298172,4
2015-06-06,0.4514813062849498,2392025.615482345,5298172,4
2015-06-07,0.3692610285455378,1956408.442131169,5298172,4
2015-06-08,0.5197250409449939,2753592.65963362,5298172,4
2015-06-09,0.7487253629409116,3966875.753623376,5298172,4
2015-06-10,0.8169127081808552,4328144.036927978,5298172,4
2015-06-11,0.6370542345960676,3375222.9082183167,5298172,4
2015-06-12,0.4000348179403077,2119453.271436436,5298172,4
2015-06-13,0.5175305941480084,2741966.103058342,5298172,4
2015-06-14,0.6639500315251153,3517721.466425484,5298172,4
2015-06-15,0.4680493142085101,2479805.7711587306,5298172,4
2015-06-16,0.5409543950016931,2866069.42887491,5298172,4
2015-06-17,0.5529334648508026,2929536.601335507,5298172,4
2015-06-18,0.5755757403456013,3049499.2713783355,5298172,4
2015-06-19,0.4324605504607755,2291250.379555868,5298172,4
2015-06-20,0.4732940495436526,2507593.281058793,5298172,4
2015-06-21,0.7191915878687491,3810400.7334817466,5298172,4
2015-06-22,0.5623928479182019,2979654.039840476,5298172,4
2015-06-23,0.4803482385514512,2544967.587742619,5298172,4
2015-06-24,0.3781873797282139,2003701.7860293903,5298172,4
2015-06-25,0.5100073054844693,2702106.4257132616,5298172,4
2015-06-26,0.6904289553331063,3658011.3591351146,5298172,4
2015-06-27,0.4138329976690861,2192558.400926417,5298172,4
2015-06-28,0.2848977036023203,1509437.0360901128,5298172,4
2015-06-29,0.4182580655273105,2216003.1715509617,5298172,4
2015-06-30,0.4876981927367528,2583908.909208467,5298172,4
2015-07-01,0.4127921511969614,2187043.8172915075,5298172,4
2015-07-02,0.4302348269967095,2279458.113818811,5298172,4
2015-07-03,0.3551639705923922,1881719.804401436,5298172,4
2015-07-04,0.2085835421980942,1105111.482934761,5298172,4
2015-07-05,0.2261427857284318,1198143.3753483773,5298172,4
2015-07-06,0.2729880189158811,1446337.4781555915,5298172,4
2015-07-07,0.2544511586459728,1348126.004105651,5298172,4
2015-07-08,0.2905823127504448,1539555.0731096498,5298172,4
2015-07-09,0.3910290229074107,2071739.020355402,5298172,4
2015-07-10,0.4398193934400343,2330238.7953809737,5298172,4
2015-07-11,0.6656632993391242,3526798.653986166,5298172,4
2015-07-12,0.8569641065957178,4540343.234570447,5298172,4
2015-07-13,0.5680179069749607,3009456.5702333413,5298172,4
2015-07-14,0.3101389995798818,1643169.7636821414,5298172,4
2015-07-15,0.3600649133926393,1907685.8423193067,5298172,4
2015-07-16,0.4583688600145486,2428517.059801001,5298172,4
2015-07-17,0.5334180702005654,2826140.68383067,5298172,4
2015-07-18,0.4875941933011951,2583357.90231098,5298172,4
2015-07-19,0.4665309778760445,2471761.3641154785,5298172,4
2015-07-20,0.4152611152194901,2200124.8133446765,5298172,4
2015-07-21,0.379849011094596,2012505.394809078,5298172,4
2015-07-22,0.6583517080007124,3488060.5854815505,5298172,4
2015-07-23,0.631120691257493,3343785.9750410942,5298172,4
2015-07-24,0.4270060058948053,2262351.264263693,5298172,4
2015-07-25,0.3288022633372742,1742050.945150173,5298172,4
2015-07-26,0.6017275432198923,3188056.021116423,5298172,4
2015-07-27,0.6938996968993916,3676399.944920844,5298172,4
2015-07-28,0.6191418993394178,3280320.275106922,5298172,4
2015-07-29,0.4629354487439598,2452711.632342683,5298172,4
2015-07-30,0.2652065629992573,1405109.9862989013,5298172,4
2015-07-31,0.434530811319874,2302218.97767224,5298172,4
2015-08-01,0.7790394478020114,4127484.9892400783,5298172,4
2015-08-02,0.5974594730477154,3165443.051236161,5298172,4
2015-08-03,0.5768143549949071,3056061.6648320765,5298172,4
2015-08-04,0.4628546344721905,2452283.4644307946,5298172,4
2015-08-05,0.4094074611600738,2169111.147309391,5298172,4
2015-08-06,0.6281693812632341,3328149.427066192,5298172,4
2015-08-07,0.9290588181732784,4922313.416798756,5298172,4
2015-08-08,0.7884297505482084,4177236.428321502,5298172,4
2015-08-09,0.5213192917822327,2762039.2747804555,5298172,4
2015-08-10,0.5183767604263555,2746449.237541625,5298172,4
2015-08-11,0.4431212718542046,2347732.715142335,5298172,4
2015-08-12,0.2788359726141696,1477320.9426971604,5298172,4
2015-08-13,0.3986858516118331,2112306.215805969,5298172,4
2015-08-14,0.3460414582817877,1833387.165107736,5298172,4
2015-08-15,0.4022692665985015,2131291.764752716,5298172,4
2015-08-16,0.4650796380976802,2464071.916339263,5298172,4
2015-08-17,0.3595677632816386,1905051.855521406,5298172,4
2015-08-18,0.5547459167041965,2939139.282996506,5298172,4
2015-08-19,0.6154179514613448,3260590.1587298564,5298172,4
2015-08-20,0.3061959276675864,1622278.690482432,5298172,4
2015-08-21,0.4477667534039449,2372345.275415686,5298172,4
2015-08-22,0.5295044624657282,2805405.7169109723,5298172,4
2015-08-23,0.7319073997386454,3877771.291888098,5298172,4
2015-08-24,0.7343566591340218,3890747.8894374175,5298172,4
2015-08-25,0.4107462949426494,2176204.518968887,5298172,4
2015-08-26,0.2787328941525387,1476774.8152779446,5298172,4
2015-08-27,0.534013805677842,2829296.992855784,5298172,4
2015-08-28,0.4588705202831376,2431174.942189552,5298172,4
2015-08-29,0.6502935543614186,3445367.1014981456,5298172,4
2015-08-30,0.5580291491873565,2956534.4134082748,5298172,4
2015-08-31,0.4226811172754856,2239437.260477694,5298172,4
2015-09-01,0.3877402094356278,2054314.3209059795,5298172,4
2015-09-02,0.4304982405989384,2280853.7243905584,5298172,4
2015-09-03,0.4589184638364143,2431428.955381103,5298172,4
2015-09-04,0.4370945139502712,2315801.9151649363,5298172,4
2015-09-05,0.2862474002225567,1516587.9609319435,5298172,4
2015-09-06,0.3786821216556313,2006323.01385646,5298172,4
2015-09-07,0.7442272757236121,3943044.113875122,5298172,4
2015-09-08,0.5331741279536304,2824848.2358483416,5298172,4
2015-09-09,0.7485229653977166,3965803.4166271514,5298172,4
2015-09-10,0.7188625673323764,3808657.526088512,5298172,4
2015-09-11,0.3996077585265644,2117190.6372082047,5298172,4
2015-09-12,0.3900390052307877,2066493.736421613,5298172,4
2015-09-13,0.5550958795930907,2940993.4465754847,5298172,4
2015-09-14,0.7743220711803349,4102491.516509657,5298172,4
2015-09-15,0.9810574730980754,5197811.234358977,5298172,4
2015-09-16,0.6569155571599152,3480451.611309062,5298172,4
2015-09-17,0.5644445314446312,2990524.2120530647,5298172,4
2015-09-18,0.6460490805335616,3422879.149108661,5298172,4
2015-09-19,0.5092372434254882,2698026.5044741053,5298172,4
2015-09-20,0.5383203464267019,2852113.786468252,5298172,4
2015-09-21,0.5228081525140803,2769927.51502183,5298172,4
2015-09-22,0.565155682844419,2994292.014487181,5298172,4
2015-09-23,1.306659001048136,490826.8538587166,375635,1
2015-09-24,0.5439156211746525,2881758.514470151,5298172,4
2015-09-25,0.9726123805101228,5153067.681272077,5298172,4
2015-09-26,0.2325651731739055,1232170.2886851374,5298172,4
2015-09-27,0.287471953190106,1523075.8531771302,5298172,4
2015-09-28,0.2789500523171496,1477925.3565852572,5298172,4
2015-09-29,0.550010033308357,2914047.758193404,5298172,4
2015-09-30,0.5997561368728573,3177611.17120794,5298172,4
2015-10-01,0.3341689265593199,1770484.449966645,5298172,4
2015-10-02,0.2137091507940354,1132267.838880736,5298172,4
2015-10-03,0.2337072244917134,1238221.0729997102,5298172,4
2015-10-04,0.2699700034515875,1430347.5131271046,5298172,4
2015-10-05,0.693573258343367,3674670.417303594,5298172,4
2015-10-06,0.793310672584184,4203096.392786691,5298172,4
2015-10-07,0.808648444511905,4284358.546556529,5298172,4
2015-10-08,0.2538237300945761,1344801.7797226403,5298172,4
2015-10-09,0.3348849336248364,1774277.9785529666,5298172,4
2015-10-10,0.5113618438411176,2709283.002907382,5298172,4
2015-10-11,0.3578143773934361,1895762.1155033363,5298172,4
2015-10-12,0.285115316573184,1510589.9870391795,5298172,4
2015-10-13,0.4109887326852307,2177488.995828374,5298172,4
2015-10-14,0.5731463320000271,3036627.848105247,5298172,4
2015-10-15,0.7767780156979448,4115503.532986412,5298172,4
2015-10-16,1.07152313476322,5677113.86995472,5298172,4
2015-10-17,0.6853730785469816,3631224.4543114174,5298172,4
2015-10-18,0.4689557785461178,2484608.375131242,5298172,4
2015-10-19,0.5984346758996669,3170609.84368069,5298172,4
2015-10-20,0.6195186132134207,3282316.1700061755,5298172,4
2015-10-21,1.0120289991235911,5361903.706344636,5298172,4
2015-10-22,0.9811741783905472,5198429.559071802,5298172,4
2015-10-23,0.6065893951404473,3213814.9488300537,5298172,4
2015-10-24,0.2795859104290625,1481294.242229767,5298172,4
2015-10-25,0.3514269430881211,1861920.3899150768,5298172,4
2015-10-26,0.3899644031015815,2066098.481509512,5298172,4
2015-10-27,0.3689104936446808,1954551.247934426,5298172,4
2015-10-28,0.3322387280536271,1760257.9262893416,5298172,4
2015-10-29,0.2632366974052096,1394673.299564754,5298172,4
2015-10-30,0.3497058803589248,1852801.9035530055,5298172,4
2015-10-31,0.477109112071618,2527806.138522709,5298172,4
2015-11-01,0.4060103219858091,2151112.519656198,5298172,4
2015-11-02,0.3068759564529225,1625881.5999520936,5298172,4
2015-11-03,0.2653779444093287,1406017.994487062,5298172,4
2015-11-04,0.3502217984217499,1855535.32618776,5298172,4
2015-11-05,0.3540590594631074,1875865.795193771,5298172,4
2015-11-06,0.2861540053427185,1516093.1387946417,5298172,4
2015-11-07,0.4051575706146916,2146594.496218782,5298172,4
2015-11-08,0.5102064923979887,2703161.752241236,5298172,4
2015-11-09,0.5209004100316453,2759819.9672181825,5298172,4
2015-11-10,0.4064275192514772,2153322.902527638,5298172,4
2015-11-11,0.3622944863209668,1919498.5031801292,5298172,4
2015-11-12,0.2781575861199336,1473726.734368221,5298172,4
2015-11-13,0.5197322993240181,2753631.1157741314,5298172,4
2015-11-14,0.3540652376192129,1875898.5281274607,5298172,4
2015-11-15,0.2895244824603979,1533950.5062861715,5298172,4
2015-11-16,0.5478912539690008,2902822.100823449,5298172,4
2015-11-17,0.7807826246257756,4136720.639878795,5298172,4
2015-11-18,0.7886417842706732,4178359.8194529214,5298172,4
2015-11-19,0.5233131603404968,2772603.1333475304,5298172,4
2015-11-20,0.5023592219102881,2661585.563466875,5298172,4
2015-11-21,0.3073368056402483,1628323.2582126055,5298172,4
2015-11-22,0.3851181826313461,2040422.3719082845,5298172,4
2015-11-23,0.3124626098116407,1655480.6503509604,5298172,4
2015-11-24,0.3114773887236862,1650260.7795689502,5298172,4
2015-11-25,0.3667632040367935,1943174.5382580264,5298172,4
2015-11-26,0.4665272216014865,2471741.462726791,5298172,4
2015-11-27,0.2777627845395597,1471635.0076895284,5298172,4
2015-11-28,0.4238274519204084,2245510.738596054,5298172,4
2015-11-29,0.2402521164728024,1272897.0364369403,5298172,4
2015-11-30,0.2751985374704596,1458049.1856669397,5298172,4
2015-12-01,0.2469613775875355,1308443.8558157086,5298172,4
2015-12-02,0.2689392504577751,1424886.4064763717,5298172,4
2015-12-03,0.5081023209148345,2692013.489805991,5298172,4
2015-12-04,0.7879764089834147,4174834.546736476,5298172,4
2015-12-05,0.5172620045115314,2740543.0689668693,5298172,4
2015-12-06,0.271909225670029,1440621.8459866294,5298172,4
2015-12-07,0.4085539652091295,2164589.1789599843,5298172,4
2015-12-08,0.4238505650141815,2245633.195742316,5298172,4
2015-12-09,0.5706467717848407,3023384.748160833,5298172,4
2015-12-10,0.6380890531172005,3380705.5547320647,5298172,4
2015-12-11,0.4524341885092988,2397074.1494026887,5298172,4
2015-12-12,0.5783891950949656,3064405.438554684,5298172,4
2015-12-13,0.6285755967977557,3330301.6268371586,5298172,4
2015-12-14,0.835701242123269,4427688.921382724,5298172,4
2015-12-15,0.4809794049041209,2548311.615639676,5298172,4
2015-12-16,0.2602991029516385,1379109.4188834887,5298172,4
2015-12-17,0.4070792693864544,2156775.98684377,5298172,4
2015-12-18,0.7436164296018692,3939807.746056595,5298172,4
2015-12-19,0.3215792226078522,1703782.0330026897,5298172,4
2015-12-20,0.3267821339848805,1731347.9523789426,5298172,4
2015-12-21,0.2785551795770715,1475833.2528902122,5298172,4
2015-12-22,0.2387108106259862,1264730.932955903,5298172,4
2015-12-23,0.2812632817542524,1490181.2440184911,5298172,4
2015-12-24,0.3357107006432309,1778653.034248348,5298172,4
2015-12-25,0.22534345299408,1193908.373036551,5298172,4
2015-12-26,0.2549267448671227,1350645.7417061336,5298172,4
2015-12-27,0.2119044372130359,1122706.1559178652,5298172,4
2015-12-28,0.2762696867912304,1463724.3190060668,5298172,4
2015-12-29,0.2677597646580715,1418637.2878379845,5298172,4
2015-12-30,0.3521466162583413,1865733.342154689,5298172,4
2015-12-31,0.3703643822300431,1962254.199728512,5298172,4
2016-01-01,0.2920271384138636,1547210.0079844568,5298172,4
2016-01-02,0.2934090184260303,1554531.445972278,5298172,4
2016-01-03,0.3420283121488178,1812124.8266341265,5298172,4
2016-01-04,0.4313004167837052,2285103.791791757,5298172,4
2016-01-05,0.6668701180614282,3533192.587149753,5298172,4
2016-01-06,0.4235801481971266,2244200.480933867,5298172,4
2016-01-07,0.267625888178963,1417927.9872249127,5298172,4
2016-01-08,0.2588801452520565,1371591.536930379,5298172,4
2016-01-09,0.376877741553543,1996763.097722218,5298172,4
2016-01-10,0.3947470965068294,2091438.0137937812,5298172,4
2016-01-11,0.2542221112865188,1346912.4717991175,5298172,4
2016-01-12,0.236266304325887,1251779.5181228933,5298172,4
2016-01-13,0.2726121796926643,1444346.2173066428,5298172,4
2016-01-14,0.2335798759451634,1237546.3584961386,5298172,4
2016-01-15,0.5141449491160088,2724028.3733478626,5298172,4
2016-01-16,0.2881416524144226,1526624.0348558263,5298172,4
2016-01-17,0.3179894585705196,1684762.8456934867,5298172,4
2016-01-18,0.2678044136173109,1418873.8457036552,5298172,4
2016-01-19,0.2584981062052664,1369567.4283497687,5298172,4
2016-01-20,0.5127915405043282,2716857.7817368973,5298172,4
2016-01-21,0.4658155525237395,2467970.917545806,5298172,4
2016-01-22,0.3856555134046122,2043269.2427659407,5298172,4
2016-01-23,0.5364768420579352,2842346.5832397747,5298172,4
2016-01-24,0.5808855106539906,3077631.347752675,5298172,4
2016-01-25,0.5990546885466309,3173894.7773264805,5298172,4
2016-01-26,0.3989127699543662,2113508.468214664,5298172,4
2016-01-27,0.2756644310597597,1460517.5700367491,5298172,4
2016-01-28,0.33278158405075,1763134.0707333304,5298172,4
2016-01-29,0.3066783369298376,1624834.577728232,5298172,4
2016-01-30,0.5437861021128242,2881072.300203306,5298172,4
2016-01-31,0.3068056631678022,1625509.174037081,5298172,4
2016-02-01,0.290332934395614,1538233.823692679,5298172,4
2016-02-02,0.2342304050350652,1240992.9735054416,5298172,4
2016-02-03,0.3133797789838553,1660339.9703784508,5298172,4
2016-02-04,0.5568051322201217,2950049.3609849466,5298172,4
2016-02-05,0.5566286420343047,2949114.2856241763,5298172,4
2016-02-06,0.4272294647364483,2263535.187641638,5298172,4
2016-02-07,0.2866622936998207,1518786.1379361667,5298172,4
2016-02-08,0.5063369305057118,2682660.147771308,5298172,4
2016-02-09,0.3191826733113155,1691084.7026231592,5298172,4
2016-02-10,0.2761242691316832,1462953.8712339485,5298172,4
2016-02-11,0.2933857860390478,1554408.356790074,5298172,4
2016-02-12,0.5578630006831465,2955654.130055428,5298172,4
2016-02-13,0.6505763867834962,3446865.596317489,5298172,4
2016-02-14,0.4627686968541042,2451828.152148903,5298172,4
2016-02-15,0.3444689385779349,1825055.6852433344,5298172,4
2016-02-16,0.2912394862936976,1543036.8915756526,5298172,4
2016-02-17,0.3923616219768339,2078799.3594322456,5298172,4
2016-02-18,0.2420098628093259,1282209.8788602122,5298172,4
2016-02-19,0.3346953989395957,1773273.7911905958,5298172,4
2016-02-20,0.3057648229062976,1619994.6233071047,5298172,4
2016-02-21,0.2258193512725131,1196429.7639701937,5298172,4
2016-02-22,0.2375691331358716,1258682.129244747,5298172,4
2016-02-23,0.2311229274006387,1224529.0225120971,5298172,4
2016-02-24,0.2549028100312017,1350518.9308286323,5298172,4
2016-02-25,0.2367441470383611,1254311.2110025275,5298172,4
2016-02-26,0.2662207616587956,1410483.3852393045,5298172,4
2016-02-27,0.3069595916711416,1626324.7137234758,5298172,4
2016-02-28,0.2271730688213921,1203601.992383573,5298172,4
2016-02-29,0.334662355349402,1773098.7205662518,5298172,4
2016-03-01,0.385982929485125,2045003.949476064,5298172,4
2016-03-02,0.3625137175533475,1920660.0279570543,5298172,4
2016-03-03,0.591284077439338,3132724.743134932,5298172,4
2016-03-04,0.4773190247416514,2528918.2919535246,5298172,4
2016-03-05,0.3250320711685892,1722075.8185674269,5298172,4
2016-03-06,0.3330375484965833,1764490.2143932397,5298172,4
2016-03-07,0.3157637260560648,1672970.532005913,5298172,4
2016-03-08,0.4260242085847918,2257149.533246104,5298172,4
2016-03-09,0.5979082452848615,3167820.723737385,5298172,4
2016-03-10,0.4323770598121861,2290808.03173925,5298172,4
2016-03-11,0.3849507736842821,2039535.4105124003,5298172,4
2016-03-12,0.6047967794924506,3204317.362797076,5298172,4
2016-03-13,0.7351277630261842,3894833.330487964,5298172,4
2016-03-14,0.8028183029688482,4253469.453877068,5298172,4
2016-03-15,0.561849898119299,2976777.3984185224,5298172,4
2016-03-16,0.4440573373579206,2352692.151184289,5298172,4
2016-03-17,0.7058971280192216,3739964.3985518552,5298172,4
2016-03-18,0.7877829675864724,4173809.660943556,5298172,4
2016-03-19,0.4785627028222459,2535507.5123371445,5298172,4
2016-03-20,0.3493569938251195,1850953.4426884209,5298172,4
2016-03-21,0.324225970048274,1717804.9561826042,5298172,4
2016-03-22,0.421694909651036,2234212.162855649,5298172,4
2016-03-23,0.433222163701251,2295285.5375013845,5298172,4
2016-03-24,0.3315644745391814,1756685.6151982038,5298172,4
2016-03-25,0.2393475011248263,1268104.2287295235,5298172,4
2016-03-26,0.3119781526399165,1652913.9129285316,5298172,4
2016-03-27,0.3738128063287299,1980524.5437323,5298172,4
2016-03-28,0.3846908744920336,2038158.4198892063,5298172,4
2016-03-29,0.5522258746409756,2925787.666698327,5298172,4
2016-03-30,0.4966596098508447,2631388.038442669,5298172,4
2016-03-31,0.6872886277227086,3641373.363318879,5298172,4
2016-04-01,0.6450485613028114,3417578.226134839,5298172,4
2016-04-02,0.533964369081263,2829035.0692640133,5298172,4
2016-04-03,0.7124546416260407,3774707.233533123,5298172,4
2016-04-04,1.1236073820119474,5953065.170369004,5298172,4
2016-04-05,0.7261582115611263,3847311.104063235,5298172,4
2016-04-06,0.4260293365054615,2257176.701851814,5298172,4
2016-04-07,0.4230199760196429,2241232.5923879435,5298172,4
2016-04-08,0.4383011493248204,2322194.8769205827,5298172,4
2016-04-09,0.4612053831339824,2443545.447169738,5298172,4
2016-04-10,0.5763063854582641,3053370.354856182,5298172,4
2016-04-11,0.3674706763867039,1946922.848453096,5298172,4
2016-04-12,0.2691751531040043,1426136.2592713488,5298172,4
2016-04-13,0.5389572050052914,2855487.972757295,5298172,4
2016-04-14,0.73841309300722,3912239.573804249,5298172,4
2016-04-15,0.3782682519326356,2004130.260878436,5298172,4
2016-04-16,0.6229127594434047,3300298.9405257823,5298172,4
2016-04-17,0.3159129320446996,1673761.05099713,5298172,4
2016-04-18,0.4860518716969962,2575186.417172618,5298172,4
2016-04-19,0.6355966398501502,3367500.32054815,5298172,4
2016-04-20,0.3678545673065692,1948956.7685757808,5298172,4
2016-04-21,0.3499568999381514,1854131.8484591155,5298172,4
2016-04-22,0.3303115955227507,1750047.6466739634,5298172,4
2016-04-23,0.3584613110256461,1899189.6811593696,5298172,4
2016-04-24,0.6678198552513445,3538224.458136726,5298172,4
2016-04-25,0.5120578078569074,2712970.339968846,5298172,4
2016-04-26,0.284969918753887,1509819.644384119,5298172,4
2016-04-27,0.3105145068728595,1645159.265907592,5298172,4
2016-04-28,0.5133014071147952,2719559.142736209,5298172,4
2016-04-29,0.6136681228607833,3251319.2658335622,5298172,4
2016-04-30,0.5861255457595055,3105393.9550277307,5298172,4
2016-05-01,0.6742860618625943,3572483.532950665,5298172,4
2016-05-02,0.7645629878960479,4050786.21470718,5298172,4
2016-05-03,0.4939456614188296,2617009.0728507238,5298172,4
2016-05-04,0.6253552324046128,3313239.582379612,5298172,4
2016-05-05,0.7358508260921374,3898664.242978232,5298172,4
2016-05-06,0.6992271970828958,3704625.95722308,5298172,4
2016-05-07,0.4255647783669868,2254715.392930175,5298172,4
2016-05-08,0.3119596854913947,1652816.070799314,5298172,4
2016-05-09,0.4948652923508333,2621881.435704999,5298172,4
2016-05-10,0.6135778975465235,3250841.23659986,5298172,4
2016-05-11,0.5461402558302474,2893545.011512653,5298172,4
2016-05-12,0.377677338901319,2000999.5020014795,5298172,4
2016-05-13,0.4419769379955823,2341669.8375339303,5298172,4
2016-05-14,0.4409331887719278,2336139.8746221424,5298172,4
2016-05-15,0.4723566279712761,2502626.660331832,5298172,4
2016-05-16,0.5017613288180466,2658417.823026567,5298172,4
2016-05-17,0.3536217535641903,1873548.8733246927,5298172,4
2016-05-18,0.272286156781424,1442618.891846951,5298172,4
2016-05-19,0.3313710372650839,1755660.751248824,5298172,4
2016-05-20,0.5113054808750807,2708984.382218888,5298172,4
2016-05-21,0.3768690273658506,1996716.9284569835,5298172,4
2016-05-22,0.3989288785194264,2113593.8141630264,5298172,4
2016-05-23,0.2042738246095192,1082277.857879066,5298172,4
2016-05-24,0.4420774202070933,2342202.209573456,5298172,4
2016-05-25,0.5068953489032032,2685618.744489182,5298172,4
2016-05-26,0.6260251971485156,3316789.1708267448,5298172,4
2016-05-27,0.3899890557568861,2066229.095517573,5298172,4
2016-05-28,0.4214907922655712,2233130.713839266,5298172,4
2016-05-29,0.3926975714612112,2080579.2775837888,5298172,4
2016-05-30,0.4581179102808746,2427187.484948642,5298172,4
2016-05-31,0.4311550407587483,2284333.564606859,5298172,4
2016-06-01,0.6066520470293988,3214146.889313844,5298172,4
2016-06-02,0.375258775868418,1988185.539060328,5298172,4
2016-06-03,0.2866326837136898,1518629.259136727,5298172,4
2016-06-04,0.3270544404875741,1732790.6790669318,5298172,4
2016-06-05,0.5006831406051343,2652705.396426185,5298172,4
2016-06-06,0.48589326200932,2574346.0757664437,5298172,4
2016-06-07,0.4569478656295465,2420988.3871382256,5298172,4
2016-06-08,0.2476959992170659,1312336.0075638806,5298172,4
2016-06-09,0.2291542394792151,1214098.5752900722,5298172,4
2016-06-10,0.2714214329489005,1438037.4362497418,5298172,4
2016-06-11,0.3557324071204513,1884731.478898176,5298172,4
2016-06-12,0.7622261503511154,4038405.2474580696,5298172,4
2016-06-13,0.5599840367130229,2966891.74375991,5298172,4
2016-06-14,0.3432268105030465,1818474.6770565468,5298172,4
2016-06-15,0.433262296662378,2295498.1688323044,5298172,4
2016-06-16,0.5778141916604289,3061358.971457918,5298172,4
2016-06-17,0.6302161453108478,3338993.5350338654,5298172,4
2016-06-18,0.3103762498693809,1644426.7565229577,5298172,4
2016-06-19,0.3547645526656269,1879603.6195255504,5298172,4
2016-06-20,0.3267546332817903,1731202.2489238498,5298172,4
2016-06-21,0.4593266940084234,2433591.829047997,5298172,4
2016-06-22,0.5684127613678291,3011548.576721714,5298172,4
2016-06-23,0.5754882445439023,3049035.7035716563,5298172,4
2016-06-24,0.4150205099909004,2198850.045459509,5298172,4
2016-06-25,0.2796046999314156,1481393.7922450283,5298172,4
2016-06-26,0.4549038681500868,2410158.9369244818,5298172,4
2016-06-27,0.5001899228862126,2650092.2441178905,5298172,4
2016-06-28,0.377156115625159,1998237.97143398,5298172,4
2016-06-29,0.3144210285820377,1665856.6898445522,5298172,4
2016-06-30,0.429543940354559,2275797.677556195,5298172,4
2016-07-01,0.4309283556713192,2283132.5480238246,5298172,4
2016-07-02,0.5891329592289549,3121327.7488639904,5298172,4
2016-07-03,0.4898628782055864,2595377.785148248,5298172,4
2016-07-04,0.3717710585996282,1969707.0130829092,5298172,4
2016-07-05,0.2662081751062471,1410416.6995190154,5298172,4
2016-07-06,0.3539302562256523,1875183.3734875768,5298172,4
2016-07-07,0.3644315860101853,1930821.224914756,5298172,4
2016-07-08,0.48546660594085,2572085.578530845,5298172,4
2016-07-09,0.7941304466043082,4207439.696546441,5298172,4
2016-07-10,0.4139679430703505,2193273.364872925,5298172,4
2016-07-11,0.4405045910216724,2333869.0900224764,5298172,4
2016-07-12,0.5380234541294278,2850540.8000118188,5298172,4
2016-07-13,0.6611067174364302,3502657.099333606,5298172,4
2016-07-14,0.6265839789913391,3319749.693140501,5298172,4
2016-07-15,0.5181737946218651,2745373.8897993164,5298172,4
2016-07-16,0.3251347336894095,1722619.742260686,5298172,4
2016-07-17,0.335670762914967,1778441.437294717,5298172,4
2016-07-18,0.6002830019640513,3180402.5930818813,5298172,4
2016-07-19,0.5150257630196745,2728695.076909475,5298172,4
2016-07-20,0.5721590695592295,3031397.161884762,5298172,4
2016-07-21,0.3739540023827151,1981272.6247120344,5298172,4
2016-07-22,0.3743186758659533,1983204.7275500696,5298172,4
2016-07-23,0.4880689859100294,2585873.4352169125,5298172,4
2016-07-24,0.6052346753840998,3206637.410549127,5298172,4
2016-07-25,0.7339050973747596,3888355.437568225,5298172,4
2016-07-26,0.7003529362835411,3710590.317135241,5298172,4
2016-07-27,0.5675110223096218,3006771.0080922134,5298172,4
2016-07-28,0.4896227631177985,2594105.6141133527,5298172,4
2016-07-29,0.7018943922057771,3718757.2157416665,5298172,4
2016-07-30,0.9256102018518416,4904042.054365775,5298172,4
2016-07-31,0.8573673998783545,4542479.951748301,5298172,4
2016-08-01,0.505767673168082,2679644.1244842834,5298172,4
2016-08-02,0.5271199509571715,2792772.16480266,5298172,4
2016-08-03,0.589283590325224,3122125.818320573,5298172,4
2016-08-04,0.8878129633020483,4703785.78340394,5298172,4
2016-08-05,0.7093362411877308,3758185.4116460816,5298172,4
2016-08-06,0.4656940936862119,2467327.407733665,5298172,4
2016-08-07,0.3296843776417199,1746724.5384587864,5298172,4
2016-08-08,0.5145383184708611,2726112.511849399,5298172,4
2016-08-09,0.2708272683774576,1434889.450153931,5298172,4
2016-08-10,0.342952620577969,1817021.971672819,5298172,4
2016-08-11,0.3638085502296553,1927520.2741873537,5298172,4
2016-08-12,0.4907417174379168,2600034.026561483,5298172,4
2016-08-13,0.0949008296852328,37060.38730618809,390517,2
2016-08-14,0.6480819436701466,3433649.607658748,5298172,4
2016-08-15,0.6636818141023356,3516300.4043862,5298172,4
2016-08-16,0.4818963371398337,2553169.6803368274,5298172,4
2016-08-17,0.4892030901680086,2591882.114641619,5298172,4
2016-08-18,0.4849777182265353,2569495.367331719,5298172,4
2016-08-19,0.5038784916919745,2669634.916084652,5298172,4
2016-08-20,0.3558936067908821,1885585.5424784613,5298172,4
2016-08-21,0.2975289690753481,1576359.6531438753,5298172,4
2016-08-22,0.3714661729129841,1968091.676274731,5298172,4
2016-08-23,0.4188906918459985,2219354.934599098,5298172,4
2016-08-24,0.5762354394411425,3052994.470654757,5298172,4
2016-08-25,0.6710392501256603,3555281.3659167704,5298172,4
2016-08-26,0.7873177736185502,4171344.983288141,5298172,4
2016-08-27,0.7752990172002862,4107667.544558075,5298172,4
2016-08-28,0.2922619241451312,1548453.943171858,5298172,4
2016-08-29,0.340131292431202,1802074.0898828064,5298172,4
2016-08-30,0.3760415709304734,1992332.9219398485,5298172,4
2016-08-31,0.7571283223292957,4011396.077772049,5298172,4
2016-09-01,0.5526180849441705,2927865.664344826,5298172,4
2016-09-02,0.4078779049036936,2161007.295179412,5298172,4
2016-09-03,0.2442794858856877,1294234.732293946,5298172,4
2016-09-04,0.3963657765842257,2100014.0592568005,5298172,4
2016-09-05,0.3545551888529258,1878494.374035284,5298172,4
2016-09-06,0.4549759559219656,2410540.870338992,5298172,4
2016-09-07,0.5019700783927907,2659523.8141784887,5298172,4
2016-09-08,0.5790913729879603,3068125.697806368,5298172,4
2016-09-09,0.720841005657209,3819139.6326248655,5298172,4
2016-09-10,0.823062594894767,4360727.194518797,5298172,4
2016-09-11,0.7177979125889627,3803016.8021372897,5298172,4
2016-09-12,0.4770388571527683,2527433.9158787965,5298172,4
2016-09-13,0.4999740587165862,2648948.558618573,5298172,4
2016-09-14,0.3807683987047452,2017376.4685023176,5298172,4
2016-09-15,0.5671678146199073,3004952.634720383,5298172,4
2016-09-16,0.3972133190372081,2104504.4849500027,5298172,4
2016-09-17,0.6555637107337536,3473289.296425673,5298172,4
2016-09-18,0.5253279413271394,2783277.7895570933,5298172,4
2016-09-19,0.3823805040791254,2025917.680057908,5298172,4
2016-09-20,0.2984230284280874,1581096.5333728967,5298172,4
2016-09-21,0.5291809310042607,2803691.5915807057,5298172,4
2016-09-22,0.7211342509209874,3820693.296470549,5298172,4
2016-09-23,0.7083498999799687,3752959.6062766714,5298172,4
2016-09-24,0.2105551017012658,1115557.1442907988,5298172,4
2016-09-25,0.3132994131434787,1659914.1783332112,5298172,4
2016-09-26,0.6391959612682058,3386570.1445042924,5298172,4
2016-09-27,0.872225059372283,4621198.387264567,5298172,4
2016-09-28,0.7592847925512685,4022821.427920939,5298172,4
2016-09-29,0.6344778638396632,3361572.852815116,5298172,4
2016-09-30,0.6158967158776195,3263126.734954759,5298172,4
2016-10-01,0.6237831313956697,3304910.320832858,5298172,4
2016-10-02,0.4301100249437188,2278796.8910761126,5298172,4
2016-10-03,0.6209794851048225,3290056.120556788,5298172,4
2016-10-04,0.2763499257803794,1464149.4389716843,5298172,4
2016-10-05,0.3299498759582028,1748131.1942052231,5298172,4
2016-10-06,0.4783615212589521,2534441.617811585,5298172,4
2016-10-07,0.7502607987222178,3975010.7564876894,5298172,4
2016-10-08,0.4740807427670339,2511761.3170675016,5298172,4
2016-10-09,0.424922768748449,2251313.915545508,5298172,4
2016-10-10,0.327236787207308,1733756.7833517173,5298172,4
2016-10-11,0.4473436045241355,2370103.359868848,5298172,4
2016-10-12,0.3856593035703158,2043289.323715747,5298172,4
2016-10-13,0.6773897692220939,3588927.50837896,5298172,4
2016-10-14,0.2691315669591753,1425905.332379228,5298172,4
2016-10-15,0.3287759687119417,1741911.631702486,5298172,4
2016-10-16,0.350838888160549,1858804.773763352,5298172,4
2016-10-17,0.3610125420277789,1912706.541820401,5298172,4
2016-10-18,0.3392337648814893,1797318.83454969,5298172,4
2016-10-19,0.5346965718537596,2832914.405491577,5298172,4
2016-10-20,0.3737387292552438,1980132.0706557136,5298172,4
2016-10-21,0.2464159623700323,1305554.152181959,5298172,4
2016-10-22,0.395726430682626,2096626.6947026297,5298172,4
2016-10-23,0.820194357046551,4345530.777062039,5298172,4
2016-10-24,0.4686472170547767,2482973.5632775403,5298172,4
2016-10-25,0.2656873409700984,1407657.2306822282,5298172,4
2016-10-26,0.2805795485892554,1486558.7081082324,5298172,4
2016-10-27,0.3546256345987538,1878867.607713349,5298172,4
2016-10-28,0.5559468432484377,2945501.9983872618,5298172,4
2016-10-29,0.6475784913462798,3430982.2306531016,5298172,4
2016-10-30,0.5657776354839988,2997587.226547529,5298172,4
2016-10-31,0.5022018433856346,2660751.744974154,5298172,4
2016-11-01,0.6343631630217227,3360965.1481531262,5298172,4
2016-11-02,0.571184876666163,3026235.7203761186,5298172,4
2016-11-03,0.2618094592128629,1387111.5461367322,5298172,4
2016-11-04,0.3437844858223524,1821429.3368183845,5298172,4
2016-11-05,0.3585012755599502,1899401.4201360128,5298172,4
2016-11-06,0.4750591529493254,2516945.1024998333,5298172,4
2016-11-07,0.7406321504304453,3923996.521710373,5298172,4
2016-11-08,0.6541909380559524,3466016.1106617814,5298172,4
2016-11-09,0.354446386385502,1877917.919848848,5298172,4
2016-11-10,0.3107826621261911,1646579.9985624463,5298172,4
2016-11-11,0.2883839639240645,1527907.842911489,5298172,4
2016-11-12,0.4007092048162659,2123026.289099805,5298172,4
2016-11-13,0.5353004675017203,2836113.948504525,5298172,4
2016-11-14,0.5695821074518442,3017743.9734023525,5298172,4
2016-11-15,0.3422331519667425,1813210.10322194,5298172,4
2016-11-16,0.3128508795246217,1657537.7700727244,5298172,4
2016-11-17,0.2376596995118647,1259161.9654821754,5298172,4
2016-11-18,0.2212057913745905,1171986.3300986972,5298172,4
2016-11-19,0.8207152520732914,4348290.568507655,5298172,4
2016-11-20,0.4977405156654823,2637114.86336442,5298172,4
2016-11-21,0.3561897883422849,1887154.7632810208,5298172,4
2016-11-22,0.3242390972936781,1717874.5065866415,5298172,4
2016-11-23,0.3156518837020792,1672377.9719776127,5298172,4
2016-11-24,0.5701451813521468,3020727.235774866,5298172,4
2016-11-25,0.6046643182830914,3203615.560526563,5298172,4
2016-11-26,0.3495869896717453,1852172.0002431304,5298172,4
2016-11-27,0.3301725466434331,1749310.9417949312,5298172,4
2016-11-28,0.2577790165189309,1365757.567508137,5298172,4
2016-11-29,0.2967583276411962,1572276.662275412,5298172,4
2016-11-30,0.2364186191075261,1252586.50803416,5298172,4
2016-12-01,0.3299768658122235,1748274.19109408,5298172,4
2016-12-02,0.2549048913939594,1350529.958246517,5298172,4
2016-12-03,0.3266728040652515,1730768.703660002,5298172,4
2016-12-04,0.3102834132356389,1643934.8920694918,5298172,4
2016-12-05,0.6357359096412192,3368238.195855637,5298172,4
2016-12-06,0.4023895483042428,2131929.0379181867,5298172,4
2016-12-07,0.2715811692020959,1438883.7463938072,5298172,4
2016-12-08,0.3812483714132013,2019919.4464670236,5298172,4
2016-12-09,0.2506522748619136,1327998.864409695,5298172,4
2016-12-10,0.2909217789316744,1541353.6233259873,5298172,4
2016-12-11,0.3175615563589416,1682495.7461773665,5298172,4
2016-12-12,0.2765724446512037,1465328.382222557,5298172,4
2016-12-13,0.3384403614021972,1793115.246451002,5298172,4
2016-12-14,0.3365121993952793,1782899.5124944858,5298172,4
2016-12-15,0.3088064014099692,1636109.4293710592,5298172,4
2016-12-16,0.7112907175247517,3768540.563449549,5298172,4
2016-12-17,0.331495016562211,1756317.6148894425,5298172,4
2016-12-18,0.3069104424567987,1626064.3127322225,5298172,4
2016-12-19,0.442867029958034,2346385.6978468173,5298172,4
2016-12-20,0.3558836695547719,1885532.8932923449,5298172,4
2016-12-21,0.7136524954127731,3781053.668926083,5298172,4
2016-12-22,0.5482166602861115,2904546.159461388,5298172,4
2016-12-23,0.542070412789093,2871982.2830676143,5298172,4
2016-12-24,0.3984592848558375,2111105.826163222,5298172,4
2016-12-25,0.3468271627272038,1837549.9624007149,5298172,4
2016-12-26,0.3729002175864536,1975689.4916104565,5298172,4
2016-12-27,0.3224956954727904,1708637.6638744648,5298172,4
2016-12-28,0.2780990391356609,1473416.5423754628,5298172,4
2016-12-29,0.3026226330408827,1603346.76094348,5298172,4
2016-12-30,0.2654736051828124,1406524.8217186318,5298172,4
2016-12-31,0.2690241983566412,1425336.4750556028,5298172,4
2017-01-01,0.2997882768904719,1588329.8545493456,5298172,4
2017-01-02,0.3904421547446191,2068629.6918876085,5298172,4
2017-01-03,0.2768259831168167,1466671.672621991,5298172,4
2017-01-04,0.4108722499249295,2176871.8501292635,5298172,4
2017-01-05,0.2545256334561803,1348520.584459798,5298172,4
2017-01-06,0.2214246618522775,1173145.9435352052,5298172,4
2017-01-07,0.2603618998398013,1379442.1275980398,5298172,4
2017-01-08,0.3377274132990009,1789337.924773194,5298172,4
2017-01-09,0.2775409165428752,1470459.5128817984,5298172,4
2017-01-10,0.3700129029121808,1960392.001848035,5298172,4
2017-01-11,0.233715251869476,1238263.6034278057,5298172,4
2017-01-12,0.2192118374145491,1161422.0190583167,5298172,4
2017-01-13,0.2280894402336079,1208457.085741375,5298172,4
2017-01-14,0.2327889575259365,1233355.9366731062,5298172,4
2017-01-15,0.2269397313128584,1202365.7301293097,5298172,4
2017-01-16,0.2742689562942941,1453124.104707653,5298172,4
2017-01-17,0.3248651290960342,1721191.3307529942,5298172,4
2017-01-18,0.3098395797449418,1641583.385896418,5298172,4
2017-01-19,0.3301197481658538,1749031.2063793782,5298172,4
2017-01-20,0.4631067958269,2453619.4586597984,5298172,4
2017-01-21,0.3772508609416247,1998739.9484168096,5298172,4
2017-01-22,0.4506850762751887,2387807.0519390693,5298172,4
2017-01-23,0.4879002069222835,2584979.2151098484,5298172,4
2017-01-24,0.2936149144083373,1555622.3183006495,5298172,4
2017-01-25,0.2344033606559588,1241909.3221333027,5298172,4
2017-01-26,0.2769314518346654,1467230.464029773,5298172,4
2017-01-27,0.478412303854997,2534710.6727400376,5298172,4
2017-01-28,0.7437898017129974,3940726.301321354,5298172,4
2017-01-29,0.487201049622732,2581274.959481769,5298172,4
2017-01-30,0.4473361201127452,2370063.706169984,5298172,4
2017-01-31,0.5723670762529856,3032499.217125433,5298172,4
2017-02-01,0.6209109148123988,3289692.823353437,5298172,4
2017-02-02,0.6796577742754312,3600943.7892484097,5298172,4
2017-02-03,0.4290636489491375,2273253.01108015,5298172,4
2017-02-04,0.4174502446092375,2211723.197381813,5298172,4
2017-02-05,0.3230305723033715,1711471.533321699,5298172,4
2017-02-06,0.3103304995062284,1644184.363229913,5298172,4
2017-02-07,0.2836165435481885,1502649.229763793,5298172,4
2017-02-08,0.2824631476711579,1496538.3400231942,5298172,4
2017-02-09,0.2397039661111184,1269992.8415388768,5298172,4
2017-02-10,0.4170427229488185,2209564.077531188,5298172,4
2017-02-11,0.2196956350601849,1163985.2621980903,5298172,4
2017-02-12,0.2589849152762315,1372146.626538902,5298172,4
2017-02-13,0.4705664587594783,2493142.0359386224,5298172,4
2017-02-14,0.2487919358503464,1318142.4683481017,5298172,4
2017-02-15,0.2918059590763541,1546038.1618114852,5298172,4
2017-02-16,0.2496772872104554,1322833.212134393,5298172,4
2017-02-17,0.6179297390717625,3273898.041517318,5298172,4
2017-02-18,0.3973345128348773,2105146.590535388,5298172,4
2017-02-19,0.368088764134607,1950197.5836525797,5298172,4
2017-02-20,0.2021831843552025,1071201.2862215722,5298172,4
2017-02-21,0.2022612341316372,1071614.8073616847,5298172,4
2017-02-22,0.29882141305808,1583207.243664754,5298172,4
2017-02-23,0.3163213543570023,1675924.942656348,5298172,4
2017-02-24,0.212378239146861,1125216.4400572032,5298172,4
2017-02-25,0.2254563102045903,1194506.3099492746,5298172,4
2017-02-26,0.2277839690435159,1206838.6468352228,5298172,4
2017-02-27,0.2234158827291539,1183695.7742308867,5298172,4
2017-02-28,0.2204539205140051,1168002.7889575278,5298172,4
2017-03-01,0.2212426432064737,1172181.5774425296,5298172,4
2017-03-02,0.2086920944552629,1105686.6114642294,5298172,4
2017-03-03,0.2807008151122325,1487201.199004807,5298172,4
2017-03-04,0.3075497926055527,1629451.6997885464,5298172,4
2017-03-05,0.2506344971930221,1327904.6752621485,5298172,4
2017-03-06,0.3239626086064446,1716409.621965624,5298172,4
2017-03-07,0.2779502415284276,1472628.1870591524,5298172,4
2017-03-08,0.2228895645418281,1180907.2499477065,5298172,4
2017-03-09,0.4044610225426503,2142904.064726839,5298172,4
2017-03-10,0.4187644122943963,2218685.8838146264,5298172,4
2017-03-11,0.2850037928662829,1509999.1152579398,5298172,4
2017-03-12,0.3251462678007085,1722680.8519662155,5298172,4
2017-03-13,0.233053818178876,1234759.2139684118,5298172,4
2017-03-14,0.4711182046219349,2496065.280418206,5298172,4
2017-03-15,0.6134238080948212,3250024.844181355,5298172,4
2017-03-16,0.3964894086000417,2100669.0829413,5298172,4
2017-03-17,0.2262717344812784,1198826.568020144,5298172,4
2017-03-18,0.4211135623711338,2231132.084974995,5298172,4
2017-03-19,0.4970518549568066,2633466.220480214,5298172,4
2017-03-20,0.5732337466968136,3037090.98620415,5298172,4
2017-03-21,0.4548731281420167,2409996.071074445,5298172,4
2017-03-22,0.2619776423177674,1388002.609154011,5298172,4
2017-03-23,0.4701381357588246,2490872.7070096037,5298172,4
2017-03-24,0.2209825270480142,1170803.4372950315,5298172,4
2017-03-25,0.308494843359873,1634458.741233665,5298172,4
2017-03-26,0.4454175121629173,2359898.591251228,5298172,4
2017-03-27,0.3048388167294502,1615088.4833091046,5298172,4
2017-03-28,0.2368950762338944,1255110.8598402848,5298172,4
2017-03-29,0.2476009825836455,1311832.5930971587,5298172,4
2017-03-30,0.264618321434024,1401993.381308746,5298172,4
2017-03-31,0.2595814650403373,1375307.249795694,5298172,4
2017-04-01,0.3736634838681559,1979733.4076527152,5298172,4
2017-04-02,0.2980743489931488,1579249.1697537294,5298172,4
2017-04-03,0.304549655292988,1613556.4562829612,5298172,4
2017-04-04,0.2355052969097383,1247747.5699388622,5298172,4
2017-04-05,0.3774568113783291,1999831.1092539448,5298172,4
2017-04-06,0.343150455340477,1818070.134272166,5298172,4
2017-04-07,0.3240402145980696,1716820.7918574838,5298172,4
2017-04-08,0.2671286790397197,1415293.6876852298,5298172,4
2017-04-09,0.2969429259368741,1573254.6957968206,5298172,4
2017-04-10,0.321820148158897,1705058.49801132,5298172,4
2017-04-11,0.2778793453649377,1472252.5669908426,5298172,4
2017-04-12,0.4405636473890714,2334181.980814651,5298172,4
2017-04-13,0.5837438612266624,3092775.3807229884,5298172,4
2017-04-14,0.4250022537737417,2251735.0408809325,5298172,4
2017-04-15,0.4608446296241091,2441634.113024825,5298172,4
2017-04-16,0.5382026085430477,2851489.990909736,5298172,4
2017-04-17,0.2168726435624172,1149028.5676883792,5298172,4
2017-04-18,0.2969471174476976,1573276.903142103,5298172,4
2017-04-19,0.3035451000520098,1608234.1498327567,5298172,4
2017-04-20,0.4555054439902168,2413346.1891965354,5298172,4
2017-04-21,0.5534913343122756,2932492.2896959377,5298172,4
2017-04-22,0.4539655105978225,2405187.3572150865,5298172,4
2017-04-23,0.475316516504944,2518308.658884032,5298172,4
2017-04-24,0.4504107075141617,2386353.399051721,5298172,4
2017-04-25,0.511859534659064,2711919.854463682,5298172,4
2017-04-26,0.3854068553259131,2041951.809495804,5298172,4
2017-04-27,0.4339299779572574,2299035.6591737587,5298172,4
2017-04-28,0.6116131161751462,3240431.486951907,5298172,4
2017-04-29,0.5651510221888533,2994267.321532361,5298172,4
2017-04-30,0.4341276514735168,2300082.967462745,5298172,4
2017-05-01,0.4612198427158008,2443622.05652126,5298172,4
2017-05-02,0.8187141190808063,4337688.2217185935,5298172,4
2017-05-03,0.7338541101774351,3888085.298627001,5298172,4
2017-05-04,0.4776798930152151,2530830.234136208,5298172,4
2017-05-05,0.445952132038905,2362731.0993088293,5298172,4
2017-05-06,0.5174028687106587,2741289.391722488,5298172,4
2017-05-07,0.5084907547966724,2694071.479322595,5298172,4
2017-05-08,0.8438740655171125,4470989.945448931,5298172,4
2017-05-09,0.5108574347549324,2706610.5568104098,5298172,4
2017-05-10,0.2139491570007065,1133539.4330447474,5298172,4
2017-05-11,0.2887825719493499,1530019.7367900312,5298172,4
2017-05-12,0.4237483748006754,2245091.774414444,5298172,4
2017-05-13,0.4122124072678253,2183972.2342389887,5298172,4
2017-05-14,0.7497099996803055,3972092.5284262034,5298172,4
2017-05-15,0.3020737600359904,1600438.7373574036,5298172,4
2017-05-16,0.260754118006783,1381520.1669082334,5298172,4
2017-05-17,0.3394761254331122,1798602.9024382029,5298172,4
2017-05-18,0.3276963857007484,1736191.8152209057,5298172,4
2017-05-19,0.4057113270449827,2149528.3930325704,5298172,4
2017-05-20,0.4749793546415375,2516522.317339864,5298172,4
2017-05-21,0.3919512983275051,2076625.3941624344,5298172,4
2017-05-22,0.2082533386824184,1103362.0079137064,5298172,4
2017-05-23,0.1983628574003211,1050960.5369183742,5298172,4
2017-05-24,0.2118954381291078,1122658.4772233716,5298172,4
2017-05-25,0.533439552070449,2826254.498472195,5298172,4
2017-05-26,0.5060259957674186,2681012.762047056,5298172,4
2017-05-27,0.3711930195607767,1966644.46283236,5298172,4
2017-05-28,0.2103143898481735,1114281.811490677,5298172,4
2017-05-29,0.2611990226854143,1383877.348419227,5298172,4
2017-05-30,0.360975773539485,1912511.736045241,5298172,4
2017-05-31,0.3095445134444334,1640020.073884921,5298172,4
2017-06-01,0.4410096073013438,2336544.753134975,5298172,4
2017-06-02,0.6567262284328864,3479448.5151487226,5298172,4
2017-06-03,0.5740143634183419,3041226.8278608834,5298172,4
2017-06-04,0.7031952095985217,3725649.1700290185,5298172,4
2017-06-05,0.5426467417316889,2875035.7729340657,5298172,4
2017-06-06,0.3214911335849357,1703315.322207966,5298172,4
2017-06-07,0.2870854724542063,1521028.2117636472,5298172,4
2017-06-08,0.4162000379050232,2205099.3872273327,5298172,4
2017-06-09,0.3702011779429685,1961389.515344453,5298172,4
2017-06-10,0.2863192951825484,1516968.872795913,5298172,4
2017-06-11,0.3568154193436764,1890469.4639349247,5298172,4
2017-06-12,0.3572223540819241,1892625.4741709365,5298172,4
2017-06-13,0.4713929056008339,2497520.6934529813,5298172,4
2017-06-14,0.6377395610706791,3378853.885756962,5298172,4
2017-06-15,0.6533988593030435,3461819.5411913246,5298172,4
2017-06-16,0.6816202953180129,3611341.5632856274,5298172,4
2017-06-17,0.4283447297348755,2269444.0534288846,5298172,4
2017-06-18,0.5779501890017613,3062079.50876384,5298172,4
2017-06-19,0.4355000063672192,2307353.939734623,5298172,4
2017-06-20,0.4048356249138186,2144888.772520896,5298172,4
2017-06-21,0.4590205619964529,2431969.888993871,5298172,4
2017-06-22,0.4167519125409595,2208023.3139709607,5298172,4
2017-06-23,0.4903250100695456,2597826.239250185,5298172,4
2017-06-24,0.6046234869320048,3203399.2290055137,5298172,4
2017-06-25,0.6418206451676974,3400476.1712494297,5298172,4
2017-06-26,0.7020416687478956,3719537.512193376,5298172,4
2017-06-27,0.4624406550514053,2450090.130255014,5298172,4
2017-06-28,0.4034745411834101,2137677.51681079,5298172,4
2017-06-29,0.4454067675234762,2359841.6643033912,5298172,4
2017-06-30,0.3448141961397163,1826884.919189953,5298172,4
2017-07-01,0.3420685051967584,1812337.77631532,5298172,4
2017-07-02,0.4185159752779175,2217369.6217701547,5298172,4
2017-07-03,0.2476946643385456,1312328.935147881,5298172,4
2017-07-04,0.4948447265361023,2621772.4744812343,5298172,4
2017-07-05,0.6499852448379233,3443733.62461343,5298172,4
2017-07-06,0.6406475786568654,3394261.063107602,5298172,4
2017-07-07,0.5071246577802752,2686833.662361036,5298172,4
2017-07-08,0.3705137121402043,1963045.3752772904,5298172,4
2017-07-09,0.3283137282490266,1739462.602224602,5298172,4
2017-07-10,0.5413165507439668,2867988.192288264,5298172,4
2017-07-11,0.5690361876358344,3014851.5963189243,5298172,4
2017-07-12,0.5356609749399174,2838023.978919372,5298172,4
2017-07-13,0.4876253880203537,2583523.177298574,5298172,4
2017-07-14,0.3216290468991057,1704046.010667529,5298172,4
2017-07-15,0.6049044429003742,3204887.782050361,5298172,4
2017-07-16,0.6370146393950639,3375013.1260330244,5298172,4
2017-07-17,0.52420902018392,2777349.55288588,5298172,4
2017-07-18,0.3045545747590265,1613582.5204601812,5298172,4
2017-07-19,0.4533624575024856,2401992.278190859,5298172,4
2017-07-20,0.5312335719257786,2814566.836237146,5298172,4
2017-07-21,0.6362169530341414,3370786.846490803,5298172,4
2017-07-22,0.5173184650168354,2740842.206435177,5298172,4
2017-07-23,0.5355164108294768,2837258.053397231,5298172,4
2017-07-24,0.4718889575456918,2500148.8619777733,5298172,4
2017-07-25,0.3288665408691523,1742391.4985697982,5298172,4
2017-07-26,0.7450269332299019,3947280.836884536,5298172,4
2017-07-27,0.6060211315346185,3210804.1905050324,5298172,4
2017-07-28,0.6148704660324517,3257689.4867600864,5298172,4
2017-07-29,0.4437277273110564,2350945.8204630744,5298172,4
2017-07-30,0.3501786486427481,1855306.7112368464,5298172,4
2017-07-31,0.4360208161077416,2310113.2793191858,5298172,4
2017-08-01,0.5877194615740267,3113838.795166584,5298172,4
2017-08-02,0.7698340034993869,4078712.9619883536,5298172,4
2017-08-03,0.3765325586645255,1994934.2594047468,5298172,4
2017-08-04,0.4546419601989578,2408771.303551233,5298172,4
2017-08-05,0.4188789213279775,2219292.5723700933,5298172,4
2017-08-06,0.5594933852107119,2964292.187708608,5298172,4
2017-08-07,0.5349518474464304,2834266.899488949,5298172,4
2017-08-08,0.6336337525388962,3357100.605956509,5298172,4
2017-08-09,0.3853089805975834,2041433.25235066,5298172,4
2017-08-10,0.3286275919013899,1741125.505839371,5298172,4
2017-08-11,0.6011774939184343,3185141.7653088192,5298172,4
2017-08-12,0.5099971725860807,2702052.73987474,5298172,4
2017-08-13,0.5285095995241138,2800134.761929873,5298172,4
2017-08-14,0.2568684190686728,1360933.0655939083,5298172,4
2017-08-15,0.4012376704257661,2125826.190795022,5298172,4
2017-08-16,0.3394415277673186,1798419.59805403,5298172,4
2017-08-17,0.2379516652102296,1260708.849970213,5298172,4
2017-08-18,0.3996294755148971,2117305.6975477133,5298172,4
2017-08-19,0.5706014087384823,3023144.4069387824,5298172,4
2017-08-20,0.3452382835505235,1829131.807235444,5298172,4
2017-08-21,0.3039759454176833,1610516.8426854983,5298172,4
2017-08-22,0.7289216386116415,3861952.215886318,5298172,4
2017-08-23,0.8600171304890993,4556518.680277692,5298172,4
2017-08-24,0.6938720849421205,3676253.652021965,5298172,4
2017-08-25,0.422793621346029,2240033.3263941333,5298172,4
2017-08-26,0.4590695301213174,2432229.330541921,5298172,4
2017-08-27,0.5885799967315942,3118398.0584434243,5298172,4
2017-08-28,0.7441961102524631,3942878.993848513,5298172,4
2017-08-29,1.320462580578994,6996037.87147137,5298172,4
2017-08-30,0.4938109111660573,2616295.1428344925,5298172,4
2017-08-31,0.4591465926047396,2432637.620833839,5298172,4
2017-09-01,0.5599828171937284,2966885.282536931,5298172,4
2017-09-02,0.5157532555751884,2732549.457597307,5298172,4
2017-09-03,0.6265200289279631,3319410.874705324,5298172,4
2017-09-04,0.6198768295189612,3284214.061606134,5298172,4
2017-09-05,0.4278151160361927,2266638.0689597074,5298172,4
2017-09-06,0.4161266406371233,2204710.5158776687,5298172,4
2017-09-07,0.4664817527980518,2471500.56118556,5298172,4
2017-09-08,0.3752264950914445,1988014.509951629,5298172,4
2017-09-09,0.4836771476680157,2562604.720814546,5298172,4
2017-09-10,0.4670173537232057,2474338.267010384,5298172,4
2017-09-11,0.3667367530581465,1943034.3964235864,5298172,4
2017-09-12,0.3589344727732724,1901696.573482114,5298172,4
2017-09-13,0.4440724202289507,2352772.06282926,5298172,4
2017-09-14,0.997409277102952,5284445.904487101,5298172,4
2017-09-15,0.3365891924409231,1783307.4348931103,5298172,4
2017-09-16,0.1879272614719581,995670.9547674076,5298172,4
2017-09-17,0.5833806779808373,3090851.1734190886,5298172,4
2017-09-18,0.6945991716655557,3680105.8825416407,5298172,4
2017-09-19,0.880343414986416,4664210.83166541,5298172,4
2017-09-20,0.7132266525524014,3778797.480206861,5298172,4
2017-09-21,0.7004992332235194,3711365.42348632,5298172,4
2017-09-22,0.4760556319203008,2522224.619482444,5298172,4
2017-09-23,0.4389679728393667,2325727.8225942934,5298172,4
2017-09-24,0.6745109969954498,3573675.277973376,5298172,4
2017-09-25,0.7338689646475498,3888164.0001646383,5298172,4
2017-09-26,0.3917099190740769,2075346.5253605405,5298172,4
2017-09-27,0.4408744363853912,2335828.594372861,5298172,4
2017-09-28,0.4095017032920061,2169610.4583340148,5298172,4
2017-09-30,0.8894192462383624,4712296.146681197,5298172,4
2017-10-01,0.5765072233572418,3054434.4285890847,5298172,4
2017-10-02,0.4629676726841582,2452882.360320372,5298172,4
2017-10-03,0.4420924155792591,2342281.6576343942,5298172,4
2017-10-04,0.4650501342520077,2463915.5998902284,5298172,4
2017-10-05,0.877898968595556,4651259.734241854,5298172,4
2017-10-06,0.7036767251047077,3728200.322001459,5298172,4
2017-10-07,0.3157011802372066,1672639.153499721,5298172,4
2017-10-08,0.3799075279178897,2012815.4270037813,5298172,4
2017-10-09,0.5256156304777562,2784802.0161595945,5298172,4
2017-10-10,0.7031301325917355,3725304.3808538206,5298172,4
2017-10-11,0.4964916891514367,2630498.365694846,5298172,4
2017-10-12,0.4304286530058245,2280485.037353175,5298172,4
2017-10-13,0.3160095882727246,1674273.152318078,5298172,4
2017-10-14,0.3223391928857041,1707808.4862496369,5298172,4
2017-10-15,0.4590942856294874,2432360.4894821527,5298172,4
2017-10-16,0.5885581844883667,3118282.4934270987,5298172,4
2017-10-17,0.6288876118459292,3331954.736228971,5298172,4
2017-10-18,0.5173471726239093,2740994.3042751625,5298172,4
2017-10-19,0.567689028981265,3007714.118055727,5298172,4
2017-10-20,0.3278713139249757,1737118.6150405165,5298172,4
2017-10-21,0.4345350952784036,2302241.6748213703,5298172,4
2017-10-22,0.3261847421441057,1728182.8676551208,5298172,4
2017-10-23,0.2253135006157001,1193749.6801840854,5298172,4
2017-10-24,0.3396066496740796,1799294.442317018,5298172,4
2017-10-25,0.5436377585159807,2880286.3503121305,5298172,4
2017-10-26,0.8905678019516129,4718381.392401581,5298172,4
2017-10-27,1.0291488524182608,5452607.633714561,5298172,4
2017-10-28,0.4307718346678856,2282303.272826021,5298172,4
2017-10-29,0.5558069618996624,2944760.882941858,5298172,4
2017-10-30,0.4414456974753213,2338855.233884218,5298172,4
2017-10-31,0.4159761595091301,2203913.2409788067,5298172,4
2017-11-01,0.3653293756705581,1935577.868955232,5298172,4
2017-11-02,0.442989985103398,2347037.13535524,5298172,4
2017-11-03,0.3587076231813563,1900494.6853260128,5298172,4
2017-11-04,0.4033076598528138,2136793.3508177022,5298172,4
2017-11-05,0.3129748326392023,1658194.4949937076,5298172,4
2017-11-06,0.3049722228177878,1615795.2917109646,5298172,4
2017-11-07,0.241442873429596,1279205.8716042298,5298172,4
2017-11-08,0.3656482769277825,1937267.4626670235,5298172,4
2017-11-09,0.329258475648195,1744468.036441949,5298172,4
2017-11-10,0.3031756788551701,1606276.8927914542,5298172,4
2017-11-11,0.3971334432547858,2104081.289316095,5298172,4
2017-11-12,0.5617627108894381,2976315.465478516,5298172,4
2017-11-13,0.5884655350919008,3117791.6209889264,5298172,4
2017-11-14,0.4923554334664859,2608583.771639999,5298172,4
2017-11-15,0.548836729513497,2907831.3928799834,5298172,4
2017-11-16,0.5743221936616338,3042857.7654366456,5298172,4
2017-11-17,0.4628170096640595,2452084.1217258493,5298172,4
2017-11-18,0.4602919046569649,2438705.681080201,5298172,4
2017-11-19,0.2478642915635215,1313227.6493616858,5298172,4
2017-11-20,0.3748614704089548,1986080.5463995528,5298172,4
2017-11-21,0.7558093475663931,4004407.922614532,5298172,4
2017-11-22,0.4630206194687651,2453162.881492066,5298172,4
2017-11-23,0.6408314261581869,3395235.118791373,5298172,4
2017-11-24,0.575740232524583,3050370.7792352345,5298172,4
2017-11-25,0.6399856569220084,3390754.087905791,5298172,4
2017-11-26,0.3259344934947824,1726857.0072682383,5298172,4
2017-11-27,0.3857813545507748,2043935.970802988,5298172,4
2017-11-28,0.3703548648162229,1962203.774833097,5298172,4
2017-11-29,0.3439893262884482,1822514.61684032,5298172,4
2017-11-30,0.3645932123749417,1931677.5491949697,5298172,4
2017-12-01,0.347297412859932,1840041.428486932,5298172,4
2017-12-02,0.4232819443143021,2242620.5454715947,5298172,4
2017-12-03,0.3766679069351116,1995651.3578222145,5298172,4
2017-12-04,0.2698777017121161,1429858.482635486,5298172,4
2017-12-05,0.2583951541502703,1369021.9706546464,5298172,4
2017-12-06,0.2464024075042796,1305482.3361717644,5298172,4
2017-12-07,0.2909771837887698,1541647.167788514,5298172,4
2017-12-08,0.3268850422193517,1731893.177905387,5298172,4
2017-12-09,0.2730518886893427,1446675.8712009925,5298172,4
2017-12-10,0.3201038456143212,1695965.2319261194,5298172,4
2017-12-11,0.3816340908552217,2021963.054414592,5298172,4
2017-12-12,0.5706899238886973,3023613.375429227,5298172,4
2017-12-13,0.9917230323818929,5254319.201920837,5298172,4
2017-12-14,0.8321410576440038,4408826.451659847,5298172,4
2017-12-15,0.4262968548961788,2258594.060298997,5298172,4
2017-12-16,0.3617421770869499,1916572.2738611195,5298172,4
2017-12-17,0.5239371862922243,2775909.3301722463,5298172,4
2017-12-18,0.2382274730788488,1262170.1274971105,5298172,4
2017-12-19,0.257698640502417,1365331.721547972,5298172,4
2017-12-20,0.3144503234054815,1666011.8988578669,5298172,4
2017-12-21,0.2214040810825966,1173036.903077543,5298172,4
2017-12-22,0.2758823541074234,1461672.163826036,5298172,4
2017-12-23,0.2797891076016106,1482370.8157998405,5298172,4
2017-12-24,0.2792138673914374,1479323.094225027,5298172,4
2017-12-25,0.290646744983241,1539896.446161348,5298172,4
2017-12-26,0.3148824042472151,1668301.137475276,5298172,4
2017-12-27,0.3143675510556645,1665573.3567116922,5298172,4
2017-12-28,0.2197546896982194,1164298.1438277948,5298172,4
2017-12-29,0.1968163139929371,1042766.6839405876,5298172,4
2017-12-30,0.3138739481144694,1662958.1634295348,5298172,4
2017-12-31,0.3113030101670993,1649336.891983041,5298172,4
2018-01-01,0.2300903258764611,1219058.1220295418,5298172,4
2018-01-02,0.2568488343009993,1360829.3021261944,5298172,4
2018-01-03,0.3285029946458109,1740465.368148585,5298172,4
2018-01-04,0.5512937819528619,2920849.2793167587,5298172,4
2018-01-05,0.3723313499423876,1972675.53298696,5298172,4
2018-01-06,0.3654846524625356,1936400.5521067367,5298172,4
2018-01-07,0.2038819064165459,1080201.4078827642,5298172,4
2018-01-08,0.3680516445591259,1950000.9177571128,5298172,4
2018-01-09,0.5597175927179635,2965480.077645718,5298172,4
2018-01-10,0.2821361538765272,1494805.870656308,5298172,4
2018-01-11,0.2468602559066642,1307908.095757523,5298172,4
2018-01-12,0.216468446257975,1146887.0608475085,5298172,4
2018-01-13,0.2595177314188772,1374969.5781070152,5298172,4
2018-01-14,0.2280460119468216,1208226.9952083158,5298172,4
2018-01-15,0.2336823300594031,1238089.1780154875,5298172,4
2018-01-16,0.3373765073880547,1787478.764901185,5298172,4
2018-01-17,0.3026569568100176,1603528.6141760445,5298172,4
2018-01-18,0.2261994608380891,1198443.6498274603,5298172,4
2018-01-19,0.2407425354755253,1275495.360665435,5298172,4
2018-01-20,0.2114401785532396,1120246.433685775,5298172,4
2018-01-21,0.3464111322977865,1835345.761628428,5298172,4
2018-01-22,0.333120452135554,1764929.4521319326,5298172,4
2018-01-23,0.2410466684164611,1277106.7092973783,5298172,4
2018-01-24,0.267952291639694,1419657.328901261,5298172,4
2018-01-25,0.2036922884019347,1079196.7790270557,5298172,4
2018-01-26,0.2619473122012912,1387841.9149801396,5298172,4
2018-01-27,0.2444561895703869,1295170.9388085164,5298172,4
2018-01-28,0.2071635238321536,1097587.9813888492,5298172,4
2018-01-29,0.0993229648994278,37309.18191999657,375635,1
2018-01-30,0.2426216309969616,1285451.1319424345,5298172,4
2018-01-31,0.2002860234364296,1061149.801362235,5298172,4
2018-02-01,0.1990617941515363,1054663.6240434337,5298172,4
2018-02-02,0.1988604509284659,1053596.8730165723,5298172,4
2018-02-03,0.2180100355364388,1155054.665998165,5298172,4
2018-02-04,0.2952338798013051,1564199.8754146406,5298172,4
2018-02-05,0.4810095881408072,2548471.5316191567,5298172,4
2018-02-06,0.4485020233472704,2376240.8620418548,5298172,4
2018-02-07,0.4318009696460738,2287755.806951678,5298172,4
2018-02-08,0.2121970703435531,1124256.576576244,5298172,4
2018-02-09,0.2550174988753287,1351126.572051298,5298172,4
2018-02-10,0.2172145424907205,1150840.007017146,5298172,4
2018-02-11,0.202816347859445,1074555.895371172,5298172,4
2018-02-12,0.2223089667274886,1177831.1428645118,5298172,4
2018-02-13,0.2082117800946025,1103141.8233673803,5298172,4
2018-02-14,0.2426381424443051,1285538.6124304289,5298172,4
2018-02-15,0.3386345918847595,1794144.31295526,5298172,4
2018-02-16,0.3513478244318751,1861501.2056658769,5298172,4
2018-02-17,0.3261172679417239,1727825.3777253395,5298172,4
2018-02-18,0.3578041473328192,1895707.9148826173,5298172,4
2018-02-19,0.4742106018701829,2512449.3329317505,5298172,4
2018-02-20,0.5821333890107308,3084242.8219217616,5298172,4
2018-02-21,0.3528773056044856,1869604.6599891288,5298172,4
2018-02-22,0.3063031073659002,1622846.5469590062,5298172,4
2018-02-23,0.4039395555910153,2140141.2431247607,5298172,4
2018-02-24,0.3488252775100176,1848136.318195805,5298172,4
2018-02-25,0.3631135313834811,1923837.944797081,5298172,4
2018-02-26,0.441033730401779,2336672.5614702543,5298172,4
2018-02-27,0.2900439863838366,1536702.9274272243,5298172,4
2018-02-28,0.3726257920812758,1974235.538082837,5298172,4
2018-03-01,0.2682032737364494,1420987.0752187916,5298172,4
2018-03-02,0.2206744601164155,1169171.2457039095,5298172,4
2018-03-03,0.2847103434245844,1508444.3696425175,5298172,4
2018-03-04,0.3455008323734344,1830522.836057624,5298172,4
2018-03-05,0.3328543265232125,1763519.4728641422,5298172,4
2018-03-06,0.210421411280262,1114848.8294455684,5298172,4
2018-03-07,0.2177606823061692,1153733.5496954415,5298172,4
2018-03-08,0.3207820033642307,1699558.2283282727,5298172,4
2018-03-09,0.409732766132693,2170834.6690067826,5298172,4
2018-03-10,0.3500027170303222,1854374.5952939764,5298172,4
2018-03-11,0.417300752090321,2210931.1603038805,5298172,4
2018-03-12,0.3704164380763183,1962530.000555684,5298172,4
2018-03-13,0.4149698731744989,2198581.762896681,5298172,4
2018-03-14,0.3881029044753848,2056235.9416101584,5298172,4
2018-03-15,0.35877747728923,1900864.7844044345,5298172,4
2018-03-16,0.2120016215260372,1123221.0551238474,5298172,4
2018-03-17,0.2840989675578347,1505205.1951438286,5298172,4
2018-03-18,0.4529717209123873,2399922.088529825,5298172,4
2018-03-19,0.4728476279562191,2505228.0627040574,5298172,4
2018-03-20,0.2484014403822852,1316073.556193093,5298172,4
2018-03-21,0.3677247961544446,1948269.2186911865,5298172,4
2018-03-22,0.3957370460841438,2096682.9369257204,5298172,4
2018-03-23,0.76969145647883,4077957.723355356,5298172,4
2018-03-24,0.4148977306078008,2198199.539169793,5298172,4
2018-03-25,0.6223474078986533,3297303.610801224,5298172,4
2018-03-26,0.3581284975712661,1897426.37823415,5298172,4
2018-03-27,0.5121042382375707,2713216.336111626,5298172,4
2018-03-28,0.5134602794030133,2720400.8754452216,5298172,4
2018-03-29,0.5070240304548342,2686300.52148295,5298172,4
2018-03-30,0.5070057843743572,2686203.8506102567,5298172,4
2018-03-31,0.4422842373073128,2343297.96214296,5298172,4
2018-04-01,0.3326023435779461,1762184.423879054,5298172,4
2018-04-02,0.4110639138396501,2177887.3185156467,5298172,4
2018-04-03,0.4697438172109572,2488783.5395202115,5298172,4
2018-04-04,0.3882389257904012,2056956.605932782,5298172,4
2018-04-05,0.3909710970540516,2071432.119221059,5298172,4
2018-04-06,0.434076183987117,2299810.283867392,5298172,4
2018-04-07,0.3980699675371888,2109043.1560464427,5298172,4
2018-04-08,0.3931344259405669,2082893.8077543853,5298172,4
2018-04-09,0.5467583007373165,2896819.5197340297,5298172,4
2018-04-10,0.5299878086594094,2807966.5681806407,5298172,4
2018-04-11,0.4846944952358755,2567994.803212849,5298172,4
2018-04-12,0.5282813180220817,2798925.287267688,5298172,4
2018-04-13,0.3109305298433041,1647363.4271609583,5298172,4
2018-04-14,0.5048409145215988,2674733.997772729,5298172,4
2018-04-15,0.7545380909570785,3997672.586442246,5298172,4
2018-04-16,0.7051998028513534,3736269.8498725607,5298172,4
2018-04-17,0.7025575248755853,3722270.6066851295,5298172,4
2018-04-18,0.6607263344708019,3500641.7649558373,5298172,4
2018-04-19,0.7969292559490396,4222268.269850035,5298172,4
2018-04-20,0.8491187673996845,4498777.278111521,5298172,4
2018-04-21,0.7556143962851595,4003375.037194936,5298172,4
2018-04-22,0.6451481608079151,3418105.921443993,5298172,4
2018-04-23,0.4507628832677836,2388219.2867686395,5298172,4
2018-04-24,0.6762449599772976,3582862.112092839,5298172,4
2018-04-25,0.4324809759034293,2291358.597064224,5298172,4
2018-04-26,0.4132998999483744,2189733.957509279,5298172,4
2018-04-27,0.4533922546006545,2402150.148342059,5298172,4
2018-04-28,0.2963186195384457,1569947.013117246,5298172,4
2018-04-29,0.4933520270641973,2613863.8959347727,5298172,4
2018-04-30,0.6849935091724522,3629213.430479229,5298172,4
2018-05-01,0.5820645730808681,3083878.223289009,5298172,4
2018-05-02,0.5433691173498133,2878863.043207495,5298172,4
2018-05-03,0.6020444632071931,3189735.1177193807,5298172,4
2018-05-04,0.495627897663787,2625921.849821142,5298172,4
2018-05-05,0.4770869845606562,2527688.9031637013,5298172,4
2018-05-06,0.2997193661014922,1587964.753336675,5298172,4
2018-05-07,0.5173003552565199,2740746.257810146,5298172,4
2018-05-08,0.5796796164639578,3071242.3129200805,5298172,4
2018-05-09,0.4632801156680552,2454537.736989252,5298172,4
2018-05-10,0.3678235262774497,1948792.3078644483,5298172,4
2018-05-11,0.483822414882835,2563374.37150462,5298172,4
2018-05-12,0.4326570379865273,2292291.4042631555,5298172,4
2018-05-13,0.5988866135664748,3173004.2871727166,5298172,4
2018-05-14,0.52159122272662,2763480.011695941,5298172,4
2018-05-15,0.6708353936534653,3554201.299263768,5298172,4
2018-05-16,0.5245464343535039,2779137.2311915727,5298172,4
2018-05-17,0.4776448476752273,2530644.5578971542,5298172,4
2018-05-18,0.74135074253563,3927803.746281484,5298172,4
2018-05-19,0.524550004004315,2779156.143815549,5298172,4
2018-05-20,0.4231748257730425,2242053.0130156125,5298172,4
2018-05-21,0.7854194874896768,4161287.536872156,5298172,4
2018-05-22,0.7119661148080682,3772118.934424892,5298172,4
2018-05-23,0.6334624541096642,3356193.037415108,5298172,4
2018-05-24,0.3399638613528366,1801187.011231481,5298172,4
2018-05-25,0.4376830751355255,2318920.213556938,5298172,4
2018-05-26,0.7046808808833661,3733520.5120315854,5298172,4
2018-05-27,0.6399476059653505,3390552.487392653,5298172,4
2018-05-28,0.6745396175327881,3573826.914502927,5298172,4
2018-05-29,0.5455559421946191,2890449.217369149,5298172,4
2018-05-30,0.4414398344945411,2338824.170803612,5298172,4
2018-05-31,0.4423433749438814,2343611.283513174,5298172,4
2018-06-01,0.4290395496132219,2273125.328653383,5298172,4
2018-06-02,0.4514055585422181,2391624.290912741,5298172,4
2018-06-03,0.2281786870038323,1208929.9304804686,5298172,4
2018-06-04,0.1992938871999061,1055893.2929337008,5298172,4
2018-06-05,0.3604609208365021,1909783.9578701723,5298172,4
2018-06-06,0.4287757475967588,2271727.660196215,5298172,4
2018-06-07,0.4387362711074993,2324500.2269661617,5298172,4
2018-06-08,0.4960281449411337,2628042.4287390565,5298172,4
2018-06-09,0.4173965087169246,2211438.495381766,5298172,4
2018-06-10,0.3185578048047789,1687774.041798145,5298172,4
2018-06-11,0.5751347947721664,3047163.0658876384,5298172,4
2018-06-12,0.6467322186904778,3426498.5325637665,5298172,4
2018-06-13,0.3372576366242832,1786848.9671489522,5298172,4
2018-06-14,0.1913657554955082,1013888.687525148,5298172,4
2018-06-15,0.1961117218817391,1039033.6337456172,5298172,4
2018-06-16,0.4922095726044005,2607810.975704602,5298172,4
2018-06-17,0.4357284273035702,2308564.1531438115,5298172,4
2018-06-18,0.6863345000939263,3636318.2310316376,5298172,4
2018-06-19,0.3881442828789497,2056455.171509331,5298172,4
2018-06-20,0.4271594203196307,2263164.0802736985,5298172,4
2018-06-21,0.4051604979598951,2146610.005797174,5298172,4
2018-06-22,0.4809038217183219,2547911.162921005,5298172,4
2018-06-23,0.491793310103535,2605605.5453778664,5298172,4
2018-06-24,0.400017857296806,2119363.411029933,5298172,4
2018-06-25,0.3798113436131615,2012305.826013632,5298172,4
2018-06-26,0.3978577367072925,2107918.7206059494,5298172,4
2018-06-27,0.4272297435044835,2263536.6646026364,5298172,4
2018-06-28,0.6654488345250213,3525662.3825131017,5298172,4
2018-06-29,0.56708702429223,3004524.593668413,5298172,4
2018-06-30,0.4166502558486374,2207484.719330088,5298172,4
2018-07-01,0.4111386559458878,2178283.3150501363,5298172,4
2018-07-02,0.5210819283304934,2760781.682386627,5298172,4
2018-07-03,0.6217870598118325,3294334.790257376,5298172,4
2018-07-04,0.6475051559248924,3430593.6869768994,5298172,4
2018-07-05,0.5040402778568885,2670492.087013587,5298172,4
2018-07-06,0.4728363627978976,2505168.377957663,5298172,4
2018-07-07,0.6394093774185287,3387700.859976281,5298172,4
2018-07-08,0.680122787347209,3603407.508484937,5298172,4
2018-07-09,0.6373949523434589,3377028.0894474485,5298172,4
2018-07-10,0.5099249169722216,2701669.917204549,5298172,4
2018-07-11,0.4526999044794077,2398481.9583154726,5298172,4
2018-07-12,0.3432790888969573,1818751.6569793704,5298172,4
2018-07-13,0.4404006781854341,2333318.541943078,5298172,4
2018-07-14,0.478235453120778,2533773.6871318184,5298172,4
2018-07-15,0.5049214735557641,2675160.81339189,5298172,4
2018-07-16,0.6611466101992441,3502868.458052549,5298172,4
2018-07-17,0.38783973738298,2054841.6370898576,5298172,4
2018-07-18,0.6411768952884185,3397065.4736640304,5298172,4
2018-07-19,0.693506849493211,3674318.5717931446,5298172,4
2018-07-20,0.7163048507246835,3795106.303573698,5298172,4
2018-07-21,0.2458646579046769,1302633.2463001378,5298172,4
2018-07-22,0.1729746322803379,916449.3534579828,5298172,4
2018-07-23,0.4668738227903131,2473577.815440599,5298172,4
2018-07-24,0.6432674050932599,3408141.354177767,5298172,4
2018-07-25,0.7317203397551764,3876780.2159213615,5298172,4
2018-07-26,0.4965984711806038,2631064.115251882,5298172,4
2018-07-27,0.5834530878329154,3091234.8132698927,5298172,4
2018-07-28,0.4768692285763686,2526535.194504916,5298172,4
2018-07-29,0.6351824957269557,3365306.1137506766,5298172,4
2018-07-30,0.5209447967958633,2760055.1359295323,5298172,4
2018-07-31,0.442932325912704,2346731.647045563,5298172,4
2018-08-01,0.4068012104292439,2155302.7826623283,5298172,4
2018-08-02,0.3184945453070208,1687438.882098389,5298172,4
2018-08-03,0.4111773197275487,2178488.162415546,5298172,4
2018-08-04,0.2951343392150385,1563672.4922676191,5298172,4
2018-08-05,0.3073680512351552,1628488.8027486647,5298172,4
2018-08-06,0.332176150513003,1759926.3797157782,5298172,4
2018-08-07,0.2824856592227661,1496657.610095601,5298172,4
2018-08-08,0.5227098851278443,2769406.8775075614,5298172,4
2018-08-09,0.3690861608573208,1955481.9630417533,5298172,4
2018-08-10,0.6596372862081924,3494871.799944232,5298172,4
2018-08-11,0.808958970830955,4286003.768405383,5298172,4
2018-08-12,0.391486788709223,2074164.3423091213,5298172,4
2018-08-13,0.5503919068165766,2916070.989722195,5298172,4
2018-08-14,0.6886690751461086,3648687.211205008,5298172,4
2018-08-15,0.2503141250766204,1326207.288685448,5298172,4
2018-08-16,0.5029087192607826,2664496.89494334,5298172,4
2018-08-17,0.5875945330025589,3113176.9021072336,5298172,4
2018-08-18,0.5621770130976483,2978510.509837594,5298172,4
2018-08-19,0.5697744495098658,3018763.0347085847,5298172,4
2018-08-20,0.2351172820625182,1245691.8005397362,5298172,4
2018-08-21,0.3026028885323464,1603242.1511411988,5298172,4
2018-08-22,0.2823881263871684,1496140.864356957,5298172,4
2018-08-23,0.2966677290080544,1571796.6551340618,5298172,4
2018-08-24,0.4970948079580002,2633693.792868454,5298172,4
2018-08-25,0.437757194003474,2319312.908067774,5298172,4
2018-08-26,0.4725108601924966,2503443.8091678,5298172,4
2018-08-27,0.5915987507327777,3134391.9363673823,5298172,4
2018-08-28,0.5143610857561289,2725173.5024427213,5298172,4
2018-08-29,0.441968583325676,2341625.573055764,5298172,4
2018-08-30,0.6531937125934757,3460732.6386388005,5298172,4
2018-08-31,0.6954254650280368,3684483.726898524,5298172,4
2018-09-01,0.4560329880496556,2416141.20836102,5298172,4
2018-09-02,0.3298660758357389,1747687.206742789,5298172,4
2018-09-03,0.3929974028448423,2082167.835825264,5298172,4
2018-09-04,0.718870376110314,3808698.898337135,5298172,4
2018-09-05,0.7510680807987681,3979287.875781771,5298172,4
2018-09-06,0.9133170926697036,4838911.047504028,5298172,4
2018-09-07,0.8842350350046931,4684829.303880885,5298172,4
2018-09-08,0.8842638189566245,4684981.806209058,5298172,4
2018-09-09,0.6840382935666407,3624152.533902556,5298172,4
2018-09-10,0.763293073066525,4044057.9875150174,5298172,4
2018-09-11,0.9998328738961164,5297286.537155936,5298172,4
2018-09-12,0.9154764672406418,4850351.785393286,5298172,4
2018-09-13,0.6227633553172505,3299507.3717679074,5298172,4
2018-09-14,0.502282923695726,2661181.322402832,5298172,4
2018-09-15,0.3317762649834711,1757807.7174000072,5298172,4
2018-09-16,0.3408814538079832,1806048.57388475,5298172,4
2018-09-17,0.4015689470678832,2127581.351424541,5298172,4
2018-09-18,0.4584443840834518,2428917.19930819,5298172,4
2018-09-19,0.3547580395070228,1879569.111691002,5298172,4
2018-09-20,0.4499503900519337,2383914.5579622337,5298172,4
2018-09-21,0.6669485551306148,3533608.16023348,5298172,4
2018-09-22,0.6569102783926306,3480423.6434920407,5298172,4
2018-09-23,0.48483220971822,2568724.4382272013,5298172,4
2018-09-24,0.5795325341095089,3070463.045308045,5298172,4
2018-09-25,0.52985575034293,2807266.900505902,5298172,4
2018-09-26,0.5737749590962548,3039958.422584922,5298172,4
2018-09-27,0.6258498999497555,3315860.416116596,5298172,4
2018-09-28,0.2916841039373229,1545392.5523258145,5298172,4
2018-09-29,0.2550169250469096,1351123.5318096352,5298172,4
2018-09-30,0.4014445729212177,2126922.395803154,5298172,4
2018-10-01,0.6592085919046591,3492600.5037886915,5298172,4
2018-10-02,0.5445107063216277,2884911.377933471,5298172,4
2018-10-03,0.5219638496248237,2765454.253094451,5298172,4
2018-10-04,0.2772606859116031,1468974.8027976502,5298172,4
2018-10-05,0.1913646432398648,1013882.7946034411,5298172,4
2018-10-06,0.3999541106340002,2119025.670245962,5298172,4
2018-10-07,0.392099428637034,2077410.214020732,5298172,4
2018-10-08,0.359884225427502,1906728.526401679,5298172,4
2018-10-09,0.5102348862071088,2703312.18752569,5298172,4
2018-10-10,0.4550131752017583,2410738.0644850503,5298172,4
2018-10-11,0.2070653925145901,1097068.0647898111,5298172,4
2018-10-12,0.2850284724025093,1510129.8716857478,5298172,4
2018-10-13,0.4837248199708506,2562857.2968746014,5298172,4
2018-10-14,0.4117575823853612,2181562.4937818144,5298172,4
2018-10-15,0.2255582485850368,1195046.397022282,5298172,4
2018-10-16,0.3981613861490931,2109527.507576313,5298172,4
2018-10-17,0.5378569436927616,2849658.599078566,5298172,4
2018-10-18,0.2671426430211437,1415367.671260619,5298172,4
2018-10-19,0.3483184762446404,1845451.1979220195,5298172,4
2018-10-20,0.2621781293665423,1389064.824022192,5298172,4
2018-10-21,0.3318393313344067,1758141.8537746763,5298172,4
2018-10-22,0.3640813784214142,1928965.764873741,5298172,4
2018-10-23,0.2256310162357469,1195431.9325517798,5298172,4
2018-10-24,0.2241960648792343,1187829.3134533428,5298172,4
2018-10-25,0.2405417488066069,1274431.558358198,5298172,4
2018-10-26,0.2404108674033337,1273738.1261720555,5298172,4
2018-10-27,0.2483329697897291,1315710.7872167886,5298172,4
2018-10-28,0.3554496256257218,1883233.253900682,5298172,4
2018-10-29,0.4162226779389261,2205219.338021036,5298172,4
2018-10-30,0.5283022445327483,2799036.1595205604,5298172,4
2018-10-31,0.4948055079269826,2621564.687544517,5298172,4
2018-11-01,0.4199757594743558,2225103.809525767,5298172,4
2018-11-02,0.3628247894906034,1922308.1405850088,5298172,4
2018-11-03,0.5544127493066323,2937374.104819419,5298172,4
2018-11-04,0.2466203942893328,1306637.267652703,5298172,4
2018-11-05,0.2545059883120159,1348416.50110705,5298172,4
2018-11-06,0.3201205373625605,1696053.667679272,5298172,4
2018-11-07,0.2553302796169507,1352783.738218699,5298172,4
2018-11-08,0.380170089448788,2014206.523155064,5298172,4
2018-11-09,0.7408826962240616,3925323.9564188286,5298172,4
2018-11-10,0.4935486495782227,2614905.635833151,5298172,4
2018-11-11,0.4315450903926022,2286400.114655554,5298172,4
2018-11-12,0.425047187823025,2251973.1092026923,5298172,4
2018-11-13,0.3534585436967601,1872684.1593749512,5298172,4
2018-11-14,0.2362761724693027,1251831.8012440305,5298172,4
2018-11-15,0.2829737773171613,1499243.7437160194,5298172,4
2018-11-16,0.326891011763473,1731924.8055769035,5298172,4
2018-11-17,0.3437663087401811,1821333.031510583,5298172,4
2018-11-18,0.3036017557890764,1608534.3216725225,5298172,4
2018-11-19,0.225611334833694,1195327.6570985024,5298172,4
2018-11-20,0.3134044814138329,1660470.84810129,5298172,4
2018-11-21,0.2798151458657574,1482508.771001872,5298172,4
2018-11-22,0.3281720498212341,1738711.9655454676,5298172,4
2018-11-23,0.3809459470127784,2018317.1499765865,5298172,4
2018-11-24,0.2412406541164005,1278134.4789011984,5298172,4
2018-11-25,0.368922898420285,1954616.9705691985,5298172,4
2018-11-26,0.4074472453074009,2158725.586564803,5298172,4
2018-11-27,0.2739404347832872,1451383.5412366383,5298172,4
2018-11-28,0.3003989433744052,1591565.2706158594,5298172,4
2018-11-29,0.2706855632894777,1434138.6722245389,5298172,4
2018-11-30,0.4210114551479078,2230591.103343901,5298172,4
2018-12-01,0.2441274846046285,1293429.4033626737,5298172,4
2018-12-02,0.2407412141751099,1275488.3601885703,5298172,4
2018-12-03,0.3358617365590229,1779453.2485083914,5298172,4
2018-12-04,0.5023540882383505,2661558.364389958,5298172,4
2018-12-05,0.7099024014985588,3761185.0263524223,5298172,4
2018-12-06,0.4000424998491818,2119493.97151094,5298172,4
2018-12-07,0.2853129348700293,1511637.002766213,5298172,4
2018-12-08,0.3539543229509101,1875310.8831374696,5298172,4
2018-12-09,0.4162915639683759,2205584.308053458,5298172,4
2018-12-10,0.4825171314813969,2556458.755535056,5298172,4
2018-12-11,0.3798232747329355,2012369.0391383464,5298172,4
2018-12-12,0.7092869212172895,3757924.105959649,5298172,4
2018-12-13,0.3641433232789375,1929293.9593834155,5298172,4
2018-12-14,0.4527415347164918,2398702.522471945,5298172,4
2018-12-15,0.3531625610705401,1871115.9925122256,5298172,4
2018-12-16,0.224596863681196,1189952.8144435298,5298172,4
2018-12-17,0.4122421956802608,2184130.058371679,5298172,4
2018-12-18,0.3348939119011276,1774325.547005021,5298172,4
2018-12-19,0.2642461712292557,1400021.6655140484,5298172,4
2018-12-20,0.3520747908984905,1865352.799044237,5298172,4
2018-12-21,0.3752845390106535,1988322.036619152,5298172,4
2018-12-22,0.2111733492476701,1118832.726130227,5298172,4
2018-12-23,0.3231451370545653,1712078.5170786604,5298172,4
2018-12-24,0.197248595304636,1045056.984682354,5298172,4
2018-12-25,0.2912173753851823,1542919.7441792618,5298172,4
2018-12-26,0.3560100116419359,1886202.2754009792,5298172,4
2018-12-27,0.3702445845662503,1961619.49110054,5298172,4
2018-12-28,0.3586642182740918,1900264.7186616813,5298172,4
2018-12-29,0.1986968533956074,1052730.1051487124,5298172,4
2018-12-30,0.2383792732664846,1262974.391000837,5298172,4
2018-12-31,0.273595031521757,1449553.5353476906,5298172,4
2019-01-01,0.3501303769461165,1855050.95948536,5298172,4
2019-01-02,0.3519636646563058,1864764.033099429,5298172,4
2019-01-03,0.4056217661282841,2149053.8838914232,5298172,4
2019-01-04,0.1748056460236551,926150.3792044407,5298172,4
2019-01-05,0.1843353005045249,976640.1277446598,5298172,4
2019-01-06,0.1864618210089309,987906.7991385296,5298172,4
2019-01-07,0.2806362489287275,1486859.116259214,5298172,4
2019-01-08,0.2594810904758403,1374775.448088564,5298172,4
2019-01-09,0.26497016845692,1403857.5273537368,5298172,4
2019-01-10,0.2151170030796975,1139726.8824407675,5298172,4
2019-01-11,0.212959489006418,1128296.0017881116,5298172,4
2019-01-12,0.279638383806949,1481572.2552112308,5298172,4
2019-01-13,0.2615999961537865,1386001.7748220991,5298172,4
2019-01-14,0.3284352595551563,1740106.495987862,5298172,4
2019-01-15,0.1864139834859763,987653.347713862,5298172,4
2019-01-16,0.2153829943410916,1141136.1498941304,5298172,4
2019-01-17,0.281366238217097,1490726.725067153,5298172,4
2019-01-18,0.2302811493076846,1220069.137389794,5298172,4
2019-01-19,0.1552046547577087,822300.956106959,5298172,4
2019-01-20,0.3774066507289188,1999565.3495057367,5298172,4
2019-01-21,0.0708994292982347,26632.307124442406,375635,1
2019-01-22,0.4730413618339318,2506254.498110406,5298172,4
2019-01-23,0.5174575179440806,2741578.9327608254,5298172,4
2019-01-24,0.2047014141781115,1084543.3009588737,5298172,4
2019-01-25,0.2119779551520685,1123095.6666039452,5298172,4
2019-01-26,0.3109498192836284,1647465.62593358,5298172,4
2019-01-27,0.1787523042347203,947060.4532318768,5298172,4
2019-01-28,0.1559435797934222,826215.9080412756,5298172,4
2019-01-29,0.1903891918406276,1008714.6853126416,5298172,4
2019-01-30,0.1877206163479045,994576.1133572102,5298172,4
2019-01-31,0.2962684899272352,1569681.4178147595,5298172,4
2019-02-01,0.1955469359256655,1036041.3006071552,5298172,4
2019-02-02,0.1561202248106982,827151.8037257467,5298172,4
2019-02-03,0.1558706948793753,825829.7512304496,5298172,4
2019-02-04,0.1713938431878728,908074.0609503788,5298172,4
2019-02-05,0.2413134972576209,1278520.414392404,5298172,4
2019-02-06,0.4400577699889128,2331501.7553376984,5298172,4
2019-02-07,0.4113769864869451,2179546.031249511,5298172,4
2019-02-08,0.6087567761017961,3225298.1059528054,5298172,4
2019-02-09,0.2635807882070439,1396496.3518164903,5298172,4
2019-02-10,0.2096174254453143,1110589.174206452,5298172,4
2019-02-11,0.1630743871033667,863996.1516682188,5298172,4
2019-02-12,0.198415174711129,1051237.723029612,5298172,4
2019-02-13,0.1537213437392569,814442.1192017066,5298172,4
2019-02-14,0.3205450580277736,1698302.8511811255,5298172,4
2019-02-15,0.252781304917282,1339278.831836206,5298172,4
2019-02-16,0.2146124575287762,1137053.7133301515,5298172,4
2019-02-17,0.3588054446001339,1901012.960027981,5298172,4
2019-02-18,0.4695830667927884,2487931.8561556814,5298172,4
2019-02-19,0.2704484374553746,1432882.338769817,5298172,4
2019-02-20,0.2696820580301179,1428821.9287575462,5298172,4
2019-02-21,0.309928746176668,1642055.8049883293,5298172,4
2019-02-22,0.6191816613644171,3280530.9411544367,5298172,4
2019-02-23,0.4839973231926898,2564301.06581446,5298172,4
2019-02-24,0.4631104740814941,2453638.946685298,5298172,4
2019-02-25,0.2813717330907895,1490755.8378530943,5298172,4
2019-02-26,0.2004384613305212,1061957.4435444504,5298172,4
2019-02-27,0.2320023793231727,1229188.5100634128,5298172,4
2019-02-28,0.3008292068008271,1593844.8802543518,5298172,4
2019-03-01,0.5675736642915903,3007102.8960871035,5298172,4
2019-03-02,0.2859985764845166,1515269.6499701245,5298172,4
2019-03-03,0.3218622487602613,1705281.5542386512,5298172,4
2019-03-04,0.3954529177315378,2095177.576043537,5298172,4
2019-03-05,0.2833908013376727,1501453.2087048204,5298172,4
2019-03-06,0.2877150465458525,1524363.8035879326,5298172,4
2019-03-07,0.4284312508057481,2269902.456943992,5298172,4
2019-03-08,0.4426113821403366,2345031.2317372314,5298172,4
2019-03-09,0.2674311426891396,1416896.1921236045,5298172,4
2019-03-10,0.3212982355996497,1702293.315503467,5298172,4
2019-03-11,0.5285385976355628,2800288.398912005,5298172,4
2019-03-12,0.5229069155153765,2770450.778389933,5298172,4
2019-03-13,0.4353262577380758,2306433.389612657,5298172,4
2019-03-14,0.2605738914951043,1380565.2958504,5298172,4
2019-03-15,0.1934061142115364,1024698.858944364,5298172,4
2019-03-16,0.3239807934064795,1716505.9681639946,5298172,4
2019-03-17,0.2317796013871447,1228008.1942405314,5298172,4
2019-03-18,0.1991979740119434,1055385.1283668063,5298172,4
2019-03-19,0.2456353112947942,1301418.1285133627,5298172,4
2019-03-20,0.3188274793836395,1689202.824100976,5298172,4
2019-03-21,0.2146517003005618,1137261.6282848285,5298172,4
2019-03-22,0.503139293617599,2665718.517544542,5298172,4
2019-03-23,0.4329536765363568,2293863.0463219825,5298172,4
2019-03-24,0.2510017817076161,1329850.611793404,5298172,4
2019-03-25,0.2452216606517608,1299226.5362586607,5298172,4
2019-03-26,0.2649293188716584,1403641.0992248922,5298172,4
2019-03-27,0.1998255484759118,1058710.125819719,5298172,4
2019-03-28,0.4797636426319632,2541870.298010674,5298172,4
2019-03-29,0.2489679229573865,1319074.8783109824,5298172,4
2019-03-30,0.3424654942739996,1814441.092728665,5298172,4
2019-03-31,0.3932845853685274,2083689.3782311417,5298172,4
2019-04-01,0.3537733628093391,1874352.1251822817,5298172,4
2019-04-02,0.1760019632653851,932488.673717692,5298172,4
2019-04-03,0.164950533821154,873936.2996762914,5298172,4
2019-04-04,0.3235244453297632,1714088.1575616824,5298172,4
2019-04-05,0.3065509211710346,1624159.5071225828,5298172,4
2019-04-06,0.2995910218295863,1587284.7633089032,5298172,4
2019-04-07,0.8463476346321107,4484095.340074079,5298172,4
2019-04-08,0.5921730733467467,3137434.79635968,5298172,4
2019-04-09,0.6059866465568324,3210621.483161306,5298172,4
2019-04-10,0.6862601572816459,3635924.350025213,5298172,4
2019-04-11,0.4437973705443845,2351314.8022918827,5298172,4
2019-04-12,0.4383172730516438,2322280.303198574,5298172,4
2019-04-13,0.4730978049640005,2506553.5435217284,5298172,4
2019-04-14,0.4950537478865326,2622879.9055474866,5298172,4
2019-04-15,0.325288013274588,1723431.8438670505,5298172,4
2019-04-16,0.3428091510879662,1816261.845638032,5298172,4
2019-04-17,0.3204529106995151,1697814.6387866717,5298172,4
2019-04-18,0.4243630729235544,2248348.550797534,5298172,4
2019-04-19,0.3514207054914871,1861887.342055244,5298172,4
2019-04-20,0.4316237431899419,2286816.830704141,5298172,4
2019-04-21,0.4929648792228319,2611812.72008179,5298172,4
2019-04-22,0.4320322421032732,2288981.1282087835,5298172,4
2019-04-23,0.2897247880307498,1535011.759650454,5298172,4
2019-04-24,0.268786336294121,1424076.2409360958,5298172,4
2019-04-25,0.4653980572588392,2465758.955823179,5298172,4
2019-04-26,0.3580828644290442,1897184.6059977585,5298172,4
2019-04-27,0.3178238240713411,1683885.2856277053,5298172,4
2019-04-28,0.5252589287314068,2782912.1489547347,5298172,4
2019-04-29,0.4314609122764237,2285954.1245174045,5298172,4
2019-04-30,0.4147656975510399,2197500.005325388,5298172,4
2019-05-01,0.3091272960080204,1637809.5841454058,5298172,4
2019-05-02,0.336740870342065,1784111.0505019592,5298172,4
2019-05-03,0.622594426216385,3298612.3563357173,5298172,4
2019-05-04,0.5943844104483264,3149150.8406738304,5298172,4
2019-05-05,0.5293481616922512,2804577.6085293577,5298172,4
2019-05-06,0.4505207879482643,2386936.624125432,5298172,4
2019-05-07,0.3519903072603761,1864905.1901983216,5298172,4
2019-05-08,0.353461421818652,1872699.408159771,5298172,4
2019-05-09,0.7506525420930695,3977086.2802463225,5298172,4
2019-05-10,0.7528533864323581,3988746.7321011,5298172,4
2019-05-11,0.3661916292241657,1940146.2365898564,5298172,4
2019-05-12,0.2854783465168838,1512513.3821220514,5298172,4
2019-05-13,0.2439222811288667,1292342.20005309,5298172,4
2019-05-14,0.3516704681980802,1863210.6278339587,5298172,4
2019-05-15,1.0246324912630471,5428679.175500122,5298172,4
2019-05-16,0.5378566565220704,2849657.0775988507,5298172,4
2019-05-17,0.4861748641285778,2575838.052229836,5298172,4
2019-05-18,0.6584109430314423,3488374.422862783,5298172,4
2019-05-19,0.5348129041443266,2833530.753976155,5298172,4
2019-05-20,0.556878085051332,2950435.877632586,5298172,4
2019-05-21,0.3814608646036193,2021045.271938687,5298172,4
2019-05-22,0.2817341155371776,1492675.8023838394,5298172,4
2019-05-23,0.2428401993289344,1286609.144558979,5298172,4
2019-05-24,0.3761611669481051,1992966.562211776,5298172,4
2019-05-25,0.6858575608452077,3633791.324858376,5298172,4
2019-05-26,0.6920658019926181,3666683.6542748334,5298172,4
2019-05-27,0.5929229955172033,3141408.013005372,5298172,4
2019-05-28,0.7325563579193154,3881209.583950095,5298172,4
2019-05-29,0.4877538504483282,2584203.79333752,5298172,4
2019-05-30,0.656683136659483,3479220.207521446,5298172,4
2019-05-31,0.5212153408285326,2761488.524748188,5298172,4
2019-06-01,0.5031152452862967,2665591.105348989,5298172,4
2019-06-02,0.3950906102101786,2093258.0084784825,5298172,4
2019-06-03,0.3566053239839838,1889356.342582872,5298172,4
2019-06-04,0.6387677597619451,3384301.4592734645,5298172,4
2019-06-05,0.8136282023905749,4310742.160316077,5298172,4
2019-06-06,0.742138463625712,3931977.228104766,5298172,4
2019-06-07,0.4754769493812683,2519158.659857253,5298172,4
2019-06-08,0.4782862580695113,2534042.860488659,5298172,4
2019-06-09,0.3832618313277448,2030587.10340938,5298172,4
2019-06-10,0.7847778355927331,4157887.954758022,5298172,4
2019-06-11,0.659010439672352,3491550.6591797443,5298172,4
2019-06-12,0.500461094662798,2651528.9588317857,5298172,4
2019-06-13,0.422366897278238,2237772.468886437,5298172,4
2019-06-14,0.51095756237057,2707141.050140008,5298172,4
2019-06-15,0.3433956821015004,1819369.387831071,5298172,4
2019-06-16,0.4974497009521542,2635574.0769930766,5298172,4
2019-06-17,0.3366193099213613,1783467.0024846788,5298172,4
2019-06-18,0.6198809266383651,3284235.7688494404,5298172,4
2019-06-19,0.4303479157026755,2280057.277234276,5298172,4
2019-06-20,0.5345459345096968,2832116.302933109,5298172,4
2019-06-21,0.5339527461035071,2828973.4887287105,5298172,4
2019-06-22,0.7299207431154711,3867245.6433935817,5298172,4
2019-06-23,0.4135753017191487,2191193.083459946,5298172,4
2019-06-24,0.5307394724123788,2811949.012030038,5298172,4
2019-06-25,0.7744570571410601,4103206.695347164,5298172,4
2019-06-26,0.4603931363569348,2439242.024038494,5298172,4
2019-06-27,0.4053281203108655,2147498.097843659,5298172,4
2019-06-28,0.4764874695779957,2524512.5696689887,5298172,4
2019-06-29,0.4867871015020992,2579081.7911395803,5298172,4
2019-06-30,0.7308130930889122,3871973.467037068,5298172,4
2019-07-01,0.6722443971153552,3561666.441953456,5298172,4
2019-07-02,0.6778537861464122,3591385.949854909,5298172,4
2019-07-03,0.4285286213382826,2270418.3427730915,5298172,4
2019-07-04,0.279749008462,1482158.3636611318,5298172,4
2019-07-05,0.3770309089854558,1997574.6051212903,5298172,4
2019-07-06,0.3549173218373166,1880413.01687346,5298172,4
2019-07-07,0.6855030965806667,3631913.312216984,5298172,4
2019-07-08,0.4465960553273991,2366142.715646077,5298172,4
2019-07-09,0.4119632998547069,2182652.4203178124,5298172,4
2019-07-10,0.6086113563347206,3224527.64701464,5298172,4
2019-07-11,0.8658880950326449,4587624.060235298,5298172,4
2019-07-12,0.7332931897229018,3885113.4455805663,5298172,4
2019-07-13,0.4924073813377788,2608859.0003971425,5298172,4
2019-07-14,0.5342375447227203,2830482.400798665,5298172,4
2019-07-15,0.4560135431164227,2416038.185760224,5298172,4
2019-07-16,0.3621477392491442,1918721.0119531169,5298172,4
2019-07-17,0.5983099710787531,3169949.136090259,5298172,4
2019-07-18,0.5521953039804421,2925625.698080667,5298172,4
2019-07-19,0.401717942034673,2128370.752385728,5298172,4
2019-07-20,0.4071686466811143,2157249.523123773,5298172,4
2019-07-21,0.4267755444233958,2261130.239748792,5298172,4
2019-07-22,0.5916845684555407,3134846.613423229,5298172,4
2019-07-23,0.584070568617668,3094506.332674208,5298172,4
2019-07-24,0.3398047442320195,1800343.9813572476,5298172,4
2019-07-25,0.3494713818332303,1851559.4900301287,5298172,4
2019-07-26,0.3758294001159882,1991208.804471325,5298172,4
2019-07-27,0.5849932074417558,3099394.631858102,5298172,4
2019-07-28,0.8833308596864706,4680038.827526787,5298172,4
2019-07-29,0.5940113536269236,3147174.321468265,5298172,4
2019-07-30,0.4901528065832726,2596913.8755609104,5298172,4
2019-07-31,0.4072868431261017,2157875.7482191045,5298172,4
2019-08-01,0.7426813262793825,3934853.407816289,5298172,4
2019-08-02,0.6302026011348941,3338921.775660064,5298172,4
2019-08-03,0.5691786822947719,3015606.557531056,5298172,4
2019-08-04,0.5706140420176694,3023211.34022484,5298172,4
2019-08-05,0.638333912810054,3382002.8635006696,5298172,4
2019-08-06,0.7561797198766965,4006370.218818557,5298172,4
2019-08-07,0.7728708816166628,4094802.864596718,5298172,4
2019-08-08,0.9018761209533404,4778294.811503601,5298172,4
2019-08-09,0.6720209054373014,3560482.3446025583,5298172,4
2019-08-10,0.3456348872032403,1831233.0816033664,5298172,4
2019-08-11,0.5812467074316642,3079545.030406635,5298172,4
2019-08-12,0.7866304124191679,4167703.225427688,5298172,4
2019-08-13,0.6405280753732084,3393627.9141562223,5298172,4
2019-08-14,0.6516816775872911,3452721.617106013,5298172,4
2019-08-15,0.599236769603681,3174859.474084674,5298172,4
2019-08-16,0.4413400605405606,2338295.551234303,5298172,4
2019-08-17,0.7509857345558667,3978851.591223325,5298172,4
2019-08-18,0.8078657561934288,4280211.729222851,5298172,4
2019-08-19,0.4546931946262598,2409042.7523594005,5298172,4
2019-08-20,0.4338209413409523,2298457.964426276,5298172,4
2019-08-21,0.4464507281018162,2365372.747008656,5298172,4
2019-08-22,0.7576263568883325,4014034.75052777,5298172,4
2019-08-23,0.6051098363727107,3205975.991994477,5298172,4
2019-08-24,0.9216927398172288,4883286.666702926,5298172,4
2019-08-25,0.6802679241678945,3604176.468324462,5298172,4
2019-08-26,0.4663808589038309,2470966.0079802275,5298172,4
2019-08-27,0.5300181286685499,2808127.2088041087,5298172,4
2019-08-28,0.6152396501496915,3259645.487712892,5298172,4
2019-08-29,0.9510003014618992,5038563.169196993,5298172,4
2019-08-30,0.6567149250812695,3479388.62804768,5298172,4
2019-08-31,0.6356222006061601,3367635.745829941,5298172,4
2019-09-01,0.3862067533796899,2046189.8069671788,5298172,4
2019-09-02,0.6160039008599999,3263694.6194272274,5298172,4
2019-09-03,0.8962828535659606,4748660.718843273,5298172,4
2019-09-04,0.4613041214631897,2444068.579820871,5298172,4
2019-09-05,0.2466762516681635,1306933.209653217,5298172,4
2019-09-06,0.5807330538250195,3076823.605250211,5298172,4
2019-09-07,0.7622807800660973,4038694.685084355,5298172,4
2019-09-08,0.2627517154080432,1392103.781526863,5298172,4
2019-09-09,0.6141188539859225,3253707.316860303,5298172,4
2019-09-10,0.4589373825632294,2431529.1900497903,5298172,4
2019-09-11,0.3627416876388265,1921867.8526807767,5298172,4
2019-09-12,0.2357043780705403,1248802.336170751,5298172,4
2019-09-13,0.3291119408879624,1743691.6700782576,5298172,4
2019-09-14,0.9453497998554232,5008625.839799608,5298172,4
2019-09-15,0.751565387757682,3981922.693586894,5298172,4
2019-09-16,0.5714037075758871,3027395.1241747527,5298172,4
2019-09-17,0.6480278883384121,3433363.2132137013,5298172,4
2019-09-18,0.4985771531034954,2641547.5124126524,5298172,4
2019-09-19,0.6489388618363144,3438189.707493029,5298172,4
2019-09-20,0.6637986862551929,3516919.613154048,5298172,4
2019-09-21,0.4323865047767254,2290858.072785913,5298172,4
2019-09-22,0.4512973876761553,2391051.183058951,5298172,4
2019-09-23,0.6180672982077428,3274626.853479913,5298172,4
2019-09-24,0.8278523641191223,4386104.215709738,5298172,4
2019-09-25,0.480036130591115,2543313.986086189,5298172,4
2019-09-26,0.4263089153669444,2258657.9587475145,5298172,4
2019-09-27,0.7961418548150598,4218096.483209215,5298172,4
2019-09-28,0.8038748192427345,4259067.058816917,5298172,4
2019-09-29,0.7980048804122358,4227967.113263456,5298172,4
2019-09-30,1.00221169908672,5309889.962173685,5298172,4
2019-10-01,0.6284580953217073,3329679.0838068007,5298172,4
2019-10-02,0.4215420013178219,2233402.028206047,5298172,4
2019-10-03,0.4588620271720695,2431129.944226298,5298172,4
2019-10-04,0.4735786528971842,2509101.1585775805,5298172,4
2019-10-05,0.3266632715937773,1730718.198986546,5298172,4
2019-10-06,0.2154710821005504,1141602.8539948375,5298172,4
2019-10-07,0.2527838756253984,1339292.4518899682,5298172,4
2019-10-08,0.3836447868632163,2032616.0677046604,5298172,4
2019-10-09,0.6582342056108472,3487438.037609633,5298172,4
2019-10-10,0.6831249650471043,3619313.562313547,5298172,4
2019-10-11,0.853925199736663,4524242.583339196,5298172,4
2019-10-12,0.4097613520838266,2170986.122292672,5298172,4
2019-10-13,0.4414188305040115,2338712.8880491,5298172,4
2019-10-14,0.4167918710472203,2208235.0210099933,5298172,4
2019-10-15,0.3619824906481033,1917845.4964420428,5298172,4
2019-10-16,0.3768527081426481,1996630.46640555,5298172,4
2019-10-17,0.549510106763756,2911399.0613727425,5298172,4
2019-10-18,0.3833033633380145,2030807.147143295,5298172,4
2019-10-19,0.1716729018762556,909552.561879525,5298172,4
2019-10-20,0.2121930401394788,1124235.223861863,5298172,4
2019-10-21,0.6061915254140186,3211706.966585841,5298172,4
2019-10-22,0.3808927655863194,2018035.385632001,5298172,4
2019-10-23,0.5848974007164295,3098887.0313485665,5298172,4
2019-10-24,0.5122513070723138,2713995.5320939347,5298172,4
2019-10-25,0.5127043454959032,2716395.80758472,5298172,4
2019-10-26,0.4506501507805903,2387622.010661502,5298172,4
2019-10-27,0.6648124117423678,3522290.5051458846,5298172,4
2019-10-28,0.5560571167717206,2946086.246480661,5298172,4
2019-10-29,0.5846816056219732,3097743.711821381,5298172,4
2019-10-30,0.721352239726299,3821848.238655165,5298172,4
2019-10-31,0.0970305559630076,36448.0728891644,375635,1
2019-11-01,0.3002974365060745,1591027.469768262,5298172,4
2019-11-02,0.8072662882099466,4277035.6447378695,5298172,4
2019-11-03,0.6393865478289198,3387579.9048838434,5298172,4
2019-11-04,0.4329097566453913,2293630.351185426,5298172,4
2019-11-05,0.6131751196287825,3248707.2499138657,5298172,4
2019-11-06,0.2902891031936453,1538001.5984456826,5298172,4
2019-11-07,0.2350904327824429,1245549.5484358212,5298172,4
2019-11-08,0.3847664629697865,2038558.90064556,5298172,4
2019-11-09,0.3122238522701993,1654215.6718301063,5298172,4
2019-11-10,0.2699345046843344,1430159.4345524097,5298172,4
2019-11-11,0.2298169538558021,1217609.750044103,5298172,4
2019-11-12,0.3401328962856835,1802082.587379712,5298172,4
2019-11-13,0.2498285134849247,1323634.4349474509,5298172,4
2019-11-14,0.2618523794665406,1387338.9450230005,5298172,4
2019-11-15,0.2216836892886621,1174518.3154458895,5298172,4
2019-11-16,0.611145710720788,3237955.092460979,5298172,4
2019-11-17,0.5066405159256945,2684268.595543069,5298172,4
2019-11-18,0.7536931155507246,3993195.7614036137,5298172,4
2019-11-19,0.4915934002446679,2604546.388561093,5298172,4
2019-11-20,0.5782780033981793,3063816.325820138,5298172,4
2019-11-21,0.6702448535294229,3551072.516113689,5298172,4
2019-11-22,0.5418404369539421,2870763.831537141,5298172,4
2019-11-23,0.1887993585539573,1000291.4751085374,5298172,4
2019-11-24,0.2407369664368219,1275465.85494051,5298172,4
2019-11-25,0.3102551749461121,1643785.2807545927,5298172,4
2019-11-26,0.4979263922833186,2638099.6696564946,5298172,4
2019-11-27,0.2421722327831043,1283070.1429089252,5298172,4
2019-11-28,0.2248266590135297,1191170.3096390306,5298172,4
2019-11-29,0.3973567092333426,2105264.190872237,5298172,4
2019-11-30,0.5012996747082442,2655971.900148328,5298172,4
2019-12-01,0.4126129495939576,2186094.3763761176,5298172,4
2019-12-02,0.3292348744354312,1744342.9931573174,5298172,4
2019-12-03,0.2996575308584792,1587637.1395835306,5298172,4
2019-12-04,0.6232218723272013,3301936.6737515526,5298172,4
2019-12-05,0.2780013844975967,1472899.151306401,5298172,4
2019-12-06,0.202241843990357,1071512.075058078,5298172,4
2019-12-07,0.2736229977115967,1449701.705031646,5298172,4
2019-12-08,0.2403186789051019,1273249.6956520015,5298172,4
2019-12-09,0.1870277835874606,990905.3662251432,5298172,4
2019-12-10,0.2476885114846427,1312296.3362696124,5298172,4
2019-12-11,0.2084663289943938,1104490.4672208854,5298172,4
2019-12-12,0.3148446985862358,1668101.3663980342,5298172,4
2019-12-13,0.2661018837251114,1409853.5494996412,5298172,4
2019-12-14,0.4310303242616741,2283672.795154122,5298172,4
2019-12-15,0.402834625455889,2134287.1332208784,5298172,4
2019-12-16,0.2899259045314949,1536077.3094634395,5298172,4
2019-12-17,0.3099177109875253,1641997.3386581992,5298172,4
2019-12-18,0.4431505685149048,2347887.9338897504,5298172,4
2019-12-19,0.2809068357086239,1488292.7315600314,5298172,4
2019-12-20,0.4481006539541884,2374114.3379617706,5298172,4
2019-12-21,0.3652140439076465,1934966.821438264,5298172,4
2019-12-22,0.2339580559092286,1239550.0209927096,5298172,4
2019-12-23,0.2531698102688397,1341337.200011679,5298172,4
2019-12-24,0.497772489135048,2637284.264305616,5298172,4
2019-12-25,0.7915165672105355,4193590.913930977,5298172,4
2019-12-26,0.3695460595382081,1957918.5853556672,5298172,4
2019-12-27,0.2481786400591202,1314893.1217593094,5298172,4
2019-12-28,0.2403060181558127,1273182.6168246183,5298172,4
2019-12-29,0.3318602405390651,1758252.6343373398,5298172,4
2019-12-30,0.4768720709510013,2526550.253894609,5298172,4
2019-12-31,0.2315473169893098,1226777.5115478858,5298172,4
2020-01-01,0.2123759997800977,1125204.57550692,5298172,4
2020-01-02,0.2034176774340828,1077741.8428862896,5298172,4
2020-01-03,0.2919222051540885,1546654.0535256476,5298172,4
2020-01-04,0.4303848296585655,2280252.8537217816,5298172,4
2020-01-05,0.3646244501311121,1931843.0522000543,5298172,4
2020-01-06,0.488144329548519,2586272.6187727363,5298172,4
2020-01-07,0.300885149837233,1594141.2760834326,5298172,4
2020-01-08,0.242635051143657,1285522.2341878917,5298172,4
2020-01-09,0.3846668322685805,2038031.0400540896,5298172,4
2020-01-10,0.6474825824937286,3430474.089055963,5298172,4
2020-01-11,0.2686492705069148,1423350.042820162,5298172,4
2020-01-12,0.2262109678081993,1198504.615734303,5298172,4
2020-01-13,0.2327949921386621,1233387.9090892796,5298172,4
2020-01-14,0.3244849190742859,1719176.9126616477,5298172,4
2020-01-15,0.3876058767755644,2053602.6033677456,5298172,4
2020-01-16,0.5366034101445739,2843017.1627324973,5298172,4
2020-01-17,0.2251226085633066,1192738.301257071,5298172,4
2020-01-18,0.2324395893390246,1231504.9239275183,5298172,4
2020-01-19,0.2690647764587749,1425551.4648201405,5298172,4
2020-01-20,0.2073182552713297,1098407.7751674114,5298172,4
2020-01-21,0.3347425215188522,1773523.4547205805,5298172,4
2020-01-22,0.1829533700990628,969318.422764492,5298172,4
2020-01-23,0.2074438418165281,1099073.1542847585,5298172,4
2020-01-24,0.4775722118928215,2530259.721028614,5298172,4
2020-01-25,0.687743837307697,3643785.141996196,5298172,4
2020-01-26,0.753170578914981,3990427.272431143,5298172,4
2020-01-27,0.6117037396555697,3240911.625738429,5298172,4
2020-01-28,0.3988612166108862,2113235.329733732,5298172,4
2020-01-29,0.3951148421905435,2093386.3936783564,5298172,4
2020-01-30,0.2627944733492913,1392330.3204539614,5298172,4
2020-01-31,0.303355017572877,1607227.060164125,5298172,4
2020-02-01,0.2554876042295028,1353617.2710758336,5298172,4
2020-02-02,0.3013283895863012,1596489.6365112327,5298172,4
2020-02-03,0.3332636595959173,1765688.1898886205,5298172,4
2020-02-04,0.3494248362519031,1851312.883534418,5298172,4
2020-02-05,0.5559777237579837,2945665.608638284,5298172,4
2020-02-06,0.3483375306443994,1845552.151409299,5298172,4
2020-02-07,0.2863174506602866,1516959.100199712,5298172,4
2020-02-08,0.2030078978518615,1075570.760177593,5298172,4
2020-02-09,0.1762400718268865,933750.213831199,5298172,4
2020-02-10,0.2583397285811526,1368728.3164562625,5298172,4
2020-02-11,0.2713283136038176,1437544.0739429658,5298172,4
2020-02-12,0.2164252046617449,1146657.9594331267,5298172,4
2020-02-13,0.2430842437629819,1287902.1339462055,5298172,4
2020-02-14,0.3822599334036953,2025278.8758813231,5298172,4
2020-02-15,0.4664512951737861,2471339.1914534885,5298172,4
2020-02-16,0.1986783732858217,1052632.194348489,5298172,4
2020-02-17,0.3066744662413659,1624814.0701549505,5298172,4
2020-02-18,0.3404550692586528,1803789.515204255,5298172,4
2020-02-19,0.1846593248039855,978356.8642153816,5298172,4
2020-02-20,0.1776225644373484,941074.8974701556,5298172,4
2020-02-21,0.1728415445868518,915744.23196681,5298172,4
2020-02-22,0.2223386209850096,1177988.2562213903,5298172,4
2020-02-23,0.3721361247899628,1971641.196550687,5298172,4
2020-02-24,0.414756478052365,2197451.158835655,5298172,4
2020-02-25,0.4050265748538187,2145900.4581464063,5298172,4
2020-02-26,0.3131402732139974,1659071.027614751,5298172,4
2020-02-27,0.3286939090038816,1741476.8652549137,5298172,4
2020-02-28,0.6101417186046814,3232635.7695432017,5298172,4
2020-02-29,0.4708720541362737,2494761.1328072897,5298172,4
2020-03-01,0.4498882106285418,2383585.120682243,5298172,4
2020-03-02,0.6925751769114512,3669382.410207297,5298172,4
2020-03-03,0.593695853202463,3145502.7459534,5298172,4
2020-03-04,0.7943189754111591,4208438.554592092,5298172,4
2020-03-05,0.5574835572761297,2953643.773620787,5298172,4
2020-03-06,0.4409341105548363,2336144.7583865384,5298172,4
2020-03-07,0.5306386904127953,2811415.0516617405,5298172,4
2020-03-08,0.7220337880620317,3825459.198964191,5298172,4
2020-03-09,0.6512631306492846,3450504.0834383816,5298172,4
2020-03-10,0.4755709534156578,2519656.7094001425,5298172,4
2020-03-11,0.3867185853477289,2048901.5807689475,5298172,4
2020-03-12,0.3840600683496666,2034816.30044829,5298172,4
2020-03-13,0.2422113622756933,1283277.4576909349,5298172,4
2020-03-14,0.3522663069270886,1866367.483904507,5298172,4
2020-03-15,0.2518092037855547,1334128.4728389198,5298172,4
2020-03-16,0.1786855969354193,946707.0264865246,5298172,4
2020-03-17,0.2303179578246651,1220264.155243822,5298172,4
2020-03-18,0.1744245808198243,924131.4302113304,5298172,4
2020-03-19,0.2579791530796868,1366817.925430511,5298172,4
2020-03-20,0.23062220550286,1221876.1117734993,5298172,4
2020-03-21,0.3039799403732989,1610538.008647482,5298172,4
2020-03-22,0.3886129261103176,2058938.123955754,5298172,4
2020-03-23,0.3974117153201389,2105555.622581132,5298172,4
2020-03-24,0.6138829265087284,3252457.3325066026,5298172,4
2020-03-25,0.5703011654970458,3021553.666603814,5298172,4
2020-03-26,0.407307920287923,2157987.4186477056,5298172,4
2020-03-27,0.3719554371432032,1970683.8823198795,5298172,4
2020-03-28,0.3699404292515814,1960008.0239287096,5298172,4
2020-03-29,0.7274745074845553,3854285.0662684618,5298172,4
2020-03-30,0.5089895494124338,2696714.1789895734,5298172,4
2020-03-31,0.5054468712644661,2677944.460820999,5298172,4
2020-04-01,0.3578394490119904,1895894.949250756,5298172,4
2020-04-02,0.3116218913926803,1651026.37956374,5298172,4
2020-04-03,0.2915868814539696,1544877.450886741,5298172,4
2020-04-04,0.360031338179294,1907507.9550640667,5298172,4
2020-04-05,0.4497841127556928,2383033.5922470544,5298172,4
2020-04-06,0.2699279875312166,1430124.905554241,5298172,4
2020-04-07,0.2339422615078065,1239466.3395373384,5298172,4
2020-04-08,0.3843879901896225,2036553.686758933,5298172,4
2020-04-09,0.604469691515237,3202584.3944346663,5298172,4
2020-04-10,0.425648439146755,2255158.6421310413,5298172,4
2020-04-11,0.4825773711891397,2556777.9158679065,5298172,4
2020-04-12,0.4486402134718252,2376973.0170904472,5298172,4
2020-04-13,0.8933061808617753,4732889.794868793,5298172,4
2020-04-14,0.6005223568213928,3181670.7362851123,5298172,4
2020-04-15,0.4957448486154169,2626541.476078441,5298172,4
2020-04-16,0.3952009287655924,2093842.495159856,5298172,4
2020-04-17,0.4346561162321908,2302882.864650139,5298172,4
2020-04-18,0.7147687025881325,3786967.526528772,5298172,4
2020-04-19,0.8829307933818203,4677919.207433346,5298172,4
2020-04-20,0.9467517971865762,5016053.862803597,5298172,4
2020-04-21,0.95046854580385,5035745.836258676,5298172,4
2020-04-22,0.4669686387836995,2474080.166881911,5298172,4
2020-04-23,0.5791049870590429,3068197.827496584,5298172,4
2020-04-24,0.7490985448386592,3968852.9355049287,5298172,4
2020-04-25,1.0901212135130351,5775649.690040785,5298172,4
2020-04-26,0.56588070414632,2998133.302048316,5298172,4
2020-04-27,0.3743027166495731,1983120.1728767024,5298172,4
2020-04-28,0.4941559706229154,2618123.327187153,5298172,4
2020-04-29,0.5388831150320338,2855095.4313355004,5298172,4
2020-04-30,0.6313815686391985,3345168.14828028,5298172,4
2020-05-01,0.8190190334546461,4339303.71051647,5298172,4
2020-05-02,0.5956933882255544,3156086.030081762,5298172,4
2020-05-03,0.378547629940545,2005610.4536173567,5298172,4
2020-05-04,0.2730598815631354,1446718.21882112,5298172,4
2020-05-05,0.2815252844730493,1491569.3794871448,5298172,4
2020-05-06,0.2837908713828047,1503572.848615977,5298172,4
2020-05-07,0.2644716256605082,1401216.1618689862,5298172,4
2020-05-08,0.4028323141077621,2134274.8873009505,5298172,4
2020-05-09,0.5719077775240715,3030065.773460265,5298172,4
2020-05-10,0.6542833506748043,3466505.728611429,5298172,4
2020-05-11,0.7159657836780784,3793309.868041252,5298172,4
2020-05-12,0.6031382762104692,3195530.327146574,5298172,4
2020-05-13,0.3760852283126074,1992564.226259464,5298172,4
2020-05-14,0.2423478043015306,1284000.3510118492,5298172,4
2020-05-15,0.4876018634031568,2583398.5398304304,5298172,4
2020-05-16,0.804004502660597,4259754.143870301,5298172,4
2020-05-17,0.7165113280370539,3796200.255888734,5298172,4
2020-05-18,0.5171491361234808,2739945.0728336144,5298172,4
2020-05-19,0.515156363982399,2729387.0232733544,5298172,4
2020-05-20,0.4876761132424782,2583791.9282501275,5298172,4
2020-05-21,0.7802021444773655,4133645.1562099326,5298172,4
2020-05-22,0.5220641791157271,2765985.81599393,5298172,4
2020-05-23,0.3392327451430025,1797313.431799792,5298172,4
2020-05-24,0.4501754768951373,2385107.106772464,5298172,4
2020-05-25,0.5314268042643491,2815590.614402855,5298172,4
2020-05-26,0.8092634468628789,4287616.934792393,5298172,4
2020-05-27,0.7405862648429054,3923753.4119752655,5298172,4
2020-05-28,0.8378450269241611,4439047.061988836,5298172,4
2020-05-29,0.440310827663614,2332842.498424185,5298172,4
2020-05-30,0.5784184813011809,3064560.6019124403,5298172,4
2020-05-31,0.6929492783115496,3671364.4637704594,5298172,4
2020-06-01,0.4610064588439597,2442491.5120662195,5298172,4
2020-06-02,0.3349527252036083,1774637.1499974518,5298172,4
2020-06-03,0.1935631493104398,1025530.8579083916,5298172,4
2020-06-04,0.1842049614488832,975949.5690095524,5298172,4
2020-06-05,0.3037209631559487,1609165.9028058792,5298172,4
2020-06-06,0.3813392191567931,2020400.773438385,5298172,4
2020-06-07,0.8033504862350367,4256289.052356857,5298172,4
2020-06-08,0.6207850087915792,3289025.7515992983,5298172,4
2020-06-09,0.4388655979674873,2325185.422914598,5298172,4
2020-06-10,0.454005094603473,2405397.080085472,5298172,4
2020-06-11,0.6614828088146099,3504649.69614292,5298172,4
2020-06-12,0.7885492237794249,4177869.418049883,5298172,4
2020-06-13,0.552166551451669,2925473.3622377925,5298172,4
2020-06-14,0.3686051939095593,1952933.7174261976,5298172,4
2020-06-15,0.3827313451291008,2027776.4962853384,5298172,4
2020-06-16,0.5900776319537123,3126332.787443464,5298172,4
2020-06-17,0.7756760320883023,4109665.0342813446,5298172,4
2020-06-18,0.712089460495201,3772772.44109078,5298172,4
2020-06-19,0.512087782199867,2713129.1491934336,5298172,4
2020-06-20,0.4779178246151593,2532090.836676948,5298172,4
2020-06-21,0.6595643681743257,3494485.4676589034,5298172,4
2020-06-22,0.4906089108529645,2599330.394431673,5298172,4
2020-06-23,0.5884771309009722,3117853.0575798657,5298172,4
2020-06-24,0.4257018730946165,2255441.7443774506,5298172,4
2020-06-25,0.5396136639162602,2858966.00497854,5298172,4
2020-06-26,0.331960589351239,1758784.299604233,5298172,4
2020-06-27,0.3918691291403225,2076190.0476756408,5298172,4
2020-06-28,0.4709687303014721,2495273.339758811,5298172,4
2020-06-29,0.387457489592275,2052816.4225480831,5298172,4
2020-06-30,0.4131025056071872,2188688.1283378424,5298172,4
2020-07-01,0.3274713111209728,1734999.3313844264,5298172,4
2020-07-02,0.4806279220123542,2546449.398824039,5298172,4
2020-07-03,0.4167883374679689,2208216.299499344,5298172,4
2020-07-04,0.6801569581400463,3603588.551222765,5298172,4
2020-07-05,0.2941841802269278,1558638.3865212626,5298172,4
2020-07-06,0.4714412035170026,2497776.584120085,5298172,4
2020-07-07,0.5053578758422914,2677472.947767105,5298172,4
2020-07-08,0.3350531981369087,1775169.472879422,5298172,4
2020-07-09,0.302542133215446,1602920.2590223462,5298172,4
2020-07-10,0.356674699230136,1889723.9045695283,5298172,4
2020-07-11,0.3486402239744182,1847155.8727349911,5298172,4
2020-07-12,0.4410801818148741,2336918.669046475,5298172,4
2020-07-13,0.67431633779512,3572643.940048646,5298172,4
2020-07-14,0.6647024816667461,3521708.076697268,5298172,4
2020-07-15,0.5974649235213488,3165471.928782952,5298172,4
2020-07-16,0.4810571289487497,2548723.410996655,5298172,4
2020-07-17,0.5297843534668263,2806888.627576042,5298172,4
2020-07-18,0.7589350897271789,4020968.642210027,5298172,4
2020-07-19,0.7108376862038831,3766140.3255902,5298172,4
2020-07-20,0.5696329099982987,3018013.1340315063,5298172,4
2020-07-21,0.4726932127589476,2504409.944429499,5298172,4
2020-07-22,0.5807234006431178,3076772.4610321485,5298172,4
2020-07-23,0.500396602237697,2651187.266870904,5298172,4
2020-07-24,0.4959228792995644,2627484.713264332,5298172,4
2020-07-25,0.3166459825411779,1677644.8786121577,5298172,4
2020-07-26,0.2397602245558239,1270290.9084553788,5298172,4
2020-07-27,0.451224233863531,2390663.601577212,5298172,4
2020-07-28,0.4935010566605822,2614653.48036951,5298172,4
2020-07-29,0.5675404602582955,3006926.975407614,5298172,4
2020-07-30,0.5509100146224382,2918816.0139921927,5298172,4
2020-07-31,0.4649101182163457,2463173.7708505327,5298172,4
2020-08-01,0.4536338470569434,2403430.14672938,5298172,4
2020-08-02,0.6932501230996343,3672958.391203036,5298172,4
2020-08-03,0.6809720733141343,3607907.1716148937,5298172,4
2020-08-04,0.8327575268939345,4412092.6117786905,5298172,4
2020-08-05,0.5932563669527597,3143174.272210837,5298172,4
2020-08-06,0.4871008445440931,2580744.055739867,5298172,4
2020-08-07,0.477007638246607,2527268.5127443024,5298172,4
2020-08-08,0.6588097813442403,3490487.536844176,5298172,4
2020-08-09,0.690067112357432,3656094.252813,5298172,4
2020-08-10,0.7718370154225181,4089325.2636751537,5298172,4
2020-08-11,0.6213897476623209,3292226.655202836,5298167,4
2020-08-12,0.4015864979494088,2127674.339013616,5298172,4
2020-08-13,0.4694429406693206,2487189.443851856,5298172,4
2020-08-14,0.5461127421232093,2893399.239160408,5298172,4
2020-08-15,0.7687469732340715,4072953.688673507,5298172,4
2020-08-16,0.519026683530182,2749892.641932472,5298172,4
2020-08-17,0.4310164230890536,2283599.1443505776,5298172,4
2020-08-18,0.3379337893831197,1790431.340763542,5298172,4
2020-08-19,0.5307034319639315,2811758.0635352074,5298172,4
2020-08-20,0.4338260092619288,2298484.815143292,5298172,4
2020-08-21,0.3421643969260233,1812845.827190343,5298172,4
2020-08-22,0.1988106256760865,1053332.8902595227,5298172,4
2020-08-23,0.4131310544472023,2188839.385002643,5298172,4
2020-08-24,0.5680049611278892,3009387.980908871,5298172,4
2020-08-25,0.722951892396988,3830323.4736447344,5298172,4
2020-08-26,0.9776993732694712,5180019.44387386,5298172,4
2020-08-27,0.7374528909505076,3907152.258153033,5298172,4
2020-08-28,0.5270907273272554,2792617.332984899,5298172,4
2020-08-29,0.5201122990011389,2755644.419423462,5298172,4
2020-08-30,0.5083748998221292,2693457.6597404103,5298172,4
2020-08-31,0.3545846062944157,1878650.232700097,5298172,4
2020-09-01,0.377360487226371,1999320.7673291164,5298172,4
2020-09-02,0.5085775404552647,2694531.284668951,5298172,4
2020-09-03,0.4949918925959345,2622552.185578788,5298172,4
2020-09-04,0.7454527073804768,3949536.661567435,5298172,4
2020-09-05,0.7321304901578508,3878953.263300601,5298172,4
2020-09-06,0.804837607317297,4264168.075635498,5298172,4
2020-09-07,0.2258242556068189,1196455.7479768912,5298172,4
2020-09-08,0.2467451326324153,1307298.1528493492,5298172,4
2020-09-09,0.6296795577778075,3336150.6019907617,5298172,4
2020-09-10,0.8326948733092339,4411760.66231053,5298172,4
2020-09-11,0.7516429655695681,3982333.71417765,5298172,4
2020-09-12,0.952434197053387,5046160.194670738,5298172,4
2020-09-13,0.5590243950413701,2961807.3971251263,5298172,4
2020-09-14,0.4202507006452117,2226560.4951388426,5298172,4
2020-09-15,0.2230336849707683,1181670.8247689458,5298172,4
2020-09-16,0.5275644563168758,2795127.2306532944,5298172,4
2020-09-17,0.5089742164240456,2696632.942179818,5298172,4
2020-09-18,0.2736637680647098,1449917.7133749395,5298172,4
2020-09-19,0.5091607342774299,2697621.145848119,5298172,4
2020-09-20,0.428628887870655,2270949.572107444,5298172,4
2020-09-21,0.443511444458006,2349799.9167069625,5298172,4
2020-09-22,0.3454096769488385,1830039.8789393816,5298172,4
2020-09-23,0.508515301576774,2694201.53238562,5298172,4
2020-09-24,0.7566858784758163,4009051.934135973,5298172,4
2020-09-25,0.9258162077444798,4905133.509017986,5298172,4
2020-09-26,0.8172954316028492,4330171.771446131,5298172,4
2020-09-27,0.8747623060952016,4634641.156809026,5298172,4
2020-09-28,0.4862771764844953,2576380.120689212,5298172,4
2020-09-29,0.3927133468971573,2080662.8585568056,5298172,4
2020-09-30,0.5309761383790856,2813202.9090281967,5298172,4
2020-10-01,0.6614132180123263,3504280.992102803,5298172,4
2020-10-02,0.6899340800990835,3655389.425026721,5298172,4
2020-10-03,0.5596876100041474,2965321.2240708936,5298172,4
2020-10-04,0.3966485423006661,2101512.200658205,5298172,4
2020-10-05,0.6670980136200257,3534400.017017239,5298172,4
2020-10-06,0.4917205020377432,2605219.795722314,5298172,4
2020-10-07,0.5323820483090109,2820651.6616534493,5298172,4
2020-10-08,0.8103882884289092,4293576.538881971,5298172,4
2020-10-09,0.7045608840575619,3732884.748209021,5298172,4
2020-10-10,0.5581880854667061,2957376.485153309,5298172,4
2020-10-11,0.824735658732138,4369591.374496169,5298172,4
2020-10-12,0.4531180579069989,2400697.4070972404,5298172,4
2020-10-13,0.6992572810386223,3704785.34719496,5298172,4
2020-10-14,0.533888304465157,2828632.0658447696,5298172,4
2020-10-15,0.491137318532822,2602129.989205679,5298172,4
2020-10-16,0.2214167879545313,1173104.226270635,5298172,4
2020-10-17,0.4354284290995767,2306974.7110593626,5298172,4
2020-10-18,0.6162939704441486,3265231.457976016,5298172,4
2020-10-19,0.6729909340481189,3565621.7230275907,5298172,4
2020-10-20,0.2920437438569118,1547297.986477862,5298172,4
2020-10-21,0.3792745760740514,2009461.9392674093,5298172,4
2020-10-22,0.4371028843759907,2315846.2631201115,5298172,4
2020-10-23,0.4328325585005924,2293221.3421362005,5298172,4
2020-10-24,0.8752832033764036,4637400.960199167,5298172,4
2020-10-25,0.7389886786931952,3915289.125769283,5298172,4
2020-10-26,0.4541116868809368,2405961.8243053467,5298172,4
2020-10-27,0.342885448524751,1816666.0825812768,5298172,4
2020-10-28,0.6760082931276058,3581608.210416473,5298172,4
2020-10-29,0.5739990843812208,3041145.8768942216,5298172,4
2020-10-30,0.1914869353640671,1014530.7193117102,5298172,4
2020-10-31,0.3013704458507072,1596712.4578337334,5298172,4
2020-11-01,0.3545327309107667,1878375.387994959,5298172,4
2020-11-02,0.3746324287893123,1984867.0445035289,5298172,4
2020-11-03,0.4460198923799485,2363090.1052504564,5298172,4
2020-11-04,0.7707269305808713,4083443.843249516,5298172,4
2020-11-05,0.5454854392720332,2890075.6807587864,5298172,4
2020-11-06,0.554857221424525,2939728.994549218,5298172,4
2020-11-07,0.6819604928265081,3613143.988199606,5298172,4
2020-11-08,0.6860040623964965,3634567.5152753694,5298172,4
2020-11-09,0.4463045604904746,2364598.325862939,5298172,4
2020-11-10,0.273071055668796,1446777.4211548564,5298172,4
2020-11-11,0.3489518994254486,1848807.182882728,5298172,4
2020-11-12,0.3411173437354815,1807298.359293704,5298172,4
2020-11-13,0.3593584821067629,1903943.0478605528,5298172,4
2020-11-14,0.6856724570495248,3632810.613110995,5298172,4
2020-11-15,0.6684013451669145,3541305.291725682,5298172,4
2020-11-16,0.3205793141261768,1698484.3458825145,5298172,4
2020-11-17,0.3044760095917735,1613166.2686908655,5298172,4
2020-11-18,0.4639959233347799,2458330.2091264776,5298172,4
2020-11-19,0.4040338500026801,2140640.8311364,5298172,4
2020-11-20,0.6291724304752139,3333463.7543157246,5298172,4
2020-11-21,0.5349258666680626,2834129.2488564625,5298172,4
2020-11-22,0.5066011280296285,2684059.911694993,5298172,4
2020-11-23,0.7658504592592419,4057607.459434456,5298172,4
2020-11-24,0.9710131732011348,5144594.8058854025,5298172,4
2020-11-25,0.5374904377960654,2847716.7877988555,5298172,4
2020-11-26,0.5105839674489565,2705161.679986973,5298172,4
2020-11-27,0.2237571313751448,1185503.7682521138,5298172,4
2020-11-28,0.4210084181642851,2230575.0128823067,5298172,4
2020-11-29,0.6789373303083848,3597126.753194636,5298172,4
2020-11-30,0.4045848669921678,2143560.213921628,5298172,4
2020-12-01,0.1654688845430172,876682.6109570469,5298172,4
2020-12-02,0.3289613290322219,1742893.7025613051,5298172,4
2020-12-03,0.2620424544530637,1388345.9949944976,5298172,4
2020-12-04,0.2422342479050293,1283398.709691485,5298172,4
2020-12-05,0.1765531629693558,935409.024555678,5298172,4
2020-12-06,0.3714375511438234,1967940.033218773,5298172,4
2020-12-07,0.2624889285647807,1390711.4916319214,5298172,4
2020-12-08,0.5641513815275372,2988971.053370515,5298172,4
2020-12-09,0.3781904794135195,2003718.2086952853,5298172,4
2020-12-10,0.4241966485263244,2247466.805716013,5298172,4
2020-12-11,0.9074569407096008,4807862.954473266,5298172,4
2020-12-12,0.7247628068480733,3839918.00988387,5298172,4
2020-12-13,0.5536326693584676,2933241.1070802906,5298172,4
2020-12-14,0.2858124249382449,1514283.3870599107,5298172,4
2020-12-15,0.4311142045928128,2284117.2075759126,5298172,4
2020-12-16,0.6214407064399297,3292499.750520255,5298172,4
2020-12-17,0.2675465320290737,1417507.5446935417,5298172,4
2020-12-18,0.6190672562944347,3279924.803415998,5298172,4
2020-12-19,0.2765546754548201,1465234.2379638152,5298172,4
2020-12-20,0.4508198474023212,2388521.092551251,5298172,4
2020-12-21,0.2332727725459894,1235919.27186553,5298172,4
2020-12-22,0.2187222392128939,1158828.0435750568,5298172,4
2020-12-23,0.532572299504777,2821659.645211824,5298172,4
2020-12-24,0.2239324316986614,1186432.5395177605,5298172,4
2020-12-25,0.2301407268897694,1219325.1552670237,5298172,4
2020-12-26,0.1923121681670933,1018902.9446421852,5298172,4
2020-12-27,0.257547978878926,1364533.490352917,5298172,4
2020-12-28,0.2268135011482775,1201696.941005772,5298172,4
2020-12-29,0.3058789870163708,1620599.4843984991,5298172,4
2020-12-30,0.1897276512227458,1005209.7293341178,5298172,4
2020-12-31,0.1539073411253526,815427.5653447916,5298172,4
2021-01-01,0.163515353161782,866332.465691865,5298172,4
2021-01-02,0.2720140999058592,1441177.487726426,5298172,4
2021-01-03,0.3356277723383201,1778213.665825262,5298172,4
2021-01-04,0.2394833330303457,1268823.8895280526,5298172,4
2021-01-05,0.3085763751470504,1634890.7106655985,5298172,4
2021-01-06,0.1988284491751497,1053427.3222232014,5298172,4
2021-01-07,0.2351477105867539,1245853.0160948434,5298172,4
2021-01-08,0.2239791910287472,1186680.2784911597,5298172,4
2021-01-09,0.3399141126450974,1800923.434021101,5298172,4
2021-01-10,0.2311837808216656,1224851.4344034856,5298172,4
2021-01-11,0.4387942793485025,2324807.5646044146,5298172,4
2021-01-12,0.265252166613475,1405351.602090848,5298172,4
2021-01-13,0.1527865411481782,809489.3742881258,5298172,4
2021-01-14,0.2115780089287719,1120976.6827221694,5298172,4
2021-01-15,0.2144559413075414,1136224.4634692592,5298172,4
2021-01-16,0.2711468651896578,1436582.72903562,5298172,4
2021-01-17,0.2092444754877535,1108613.2211839024,5298172,4
2021-01-18,0.1818093326971346,963257.1158346432,5298172,4
2021-01-19,0.2608658348304754,1382112.0618554498,5298172,4
2021-01-20,0.2816240322544335,1492092.5622175368,5298172,4
2021-01-21,0.3790419205879494,2008229.290485297,5298172,4
2021-01-22,0.1822337512741456,965505.7584556428,5298172,4
2021-01-23,0.1654701749396951,876689.4477005942,5298172,4
2021-01-24,0.2078580969807361,1101267.9493966205,5298172,4
2021-01-25,0.1610287807251689,853158.1772322296,5298172,4
2021-01-26,0.1968207122546753,1042789.9866877778,5298172,4
2021-01-27,0.1999800985090041,1059528.9584776475,5298172,4
2021-01-28,0.3213181777000925,1702398.9721816543,5298172,4
2021-01-29,0.2435657508813981,1290453.241478799,5298172,4
2021-01-30,0.2556006641845665,1354216.2821640733,5298172,4
2021-01-31,0.3879293567151133,2055316.4557260256,5298172,4
2021-02-01,0.258599875539656,1370106.6197876905,5298172,4
2021-02-02,0.2867386221335502,1519190.539106556,5298172,4
2021-02-03,0.2145032222890026,1136474.9662413695,5298172,4
2021-02-04,0.1674579377872551,887220.9571621772,5298172,4
2021-02-05,0.2522652503823943,1336544.6861489909,5298172,4
2021-02-06,0.4323112190235386,2290459.19591638,5298172,4
2021-02-07,0.3407865855921489,1805545.945759927,5298172,4
2021-02-08,0.294791991601477,1561858.675727181,5298172,4
2021-02-09,0.1811810158907253,959928.1853237964,5298172,4
2021-02-10,0.2368473537444035,1254858.0178826938,5298172,4
2021-02-11,0.1794446407963288,950728.5714171674,5298172,4
2021-02-12,0.3312126331596083,1754821.4990525085,5298172,4
2021-02-13,0.3777460543572781,2001363.568306209,5298172,4
2021-02-14,0.2079239195612807,1101616.6887498298,5298172,4
2021-02-15,0.2307334397592582,1222465.4499961887,5298172,4
2021-02-16,0.3368869705177704,1784885.1143620769,5298172,4
2021-02-17,0.3048978892509082,1615401.459688263,5298172,4
2021-02-18,0.3785733723368378,2005746.841260609,5298172,4
2021-02-19,0.3074050542480168,1628684.8510753235,5298172,4
2021-02-20,0.2847415894885332,1508609.916663641,5298172,4
2021-02-21,0.2205748793496692,1168643.6496737958,5298172,4
2021-02-22,0.2897939047103565,1535377.9517070788,5298172,4
2021-02-23,0.5703269542540291,3021690.299873978,5298172,4
2021-02-24,0.6964489144839227,3689906.1381491134,5298172,4
2021-02-25,0.3005807008045779,1592528.2527431922,5298172,4
2021-02-26,0.2268260188985739,1201763.2621998952,5298172,4
2021-02-27,0.3519815070221565,1864858.565022593,5298172,4
2021-02-28,0.3394593958461089,1798514.266208771,5298172,4
2021-03-01,0.4607564634449242,2441166.993442921,5298172,4
2021-03-02,0.412442335965785,2185190.436028515,5298172,4
2021-03-03,0.2531793806150076,1341387.9053517764,5298172,4
2021-03-04,0.301658957390815,1598241.0415972094,5298172,4
2021-03-05,0.1835859755960229,972670.075495532,5298172,4
2021-03-06,0.2837580627312343,1503399.0227368693,5298172,4
2021-03-07,0.6318801905295967,3347809.9328185744,5298172,4
2021-03-08,0.3662319353637983,1940359.7854502865,5298172,4
2021-03-09,0.3839752947688173,2034367.1554358944,5298172,4
2021-03-10,0.5690232878752962,3014783.251168834,5298172,4
2021-03-11,0.8083734310190344,4282901.477768979,5298172,4
2021-03-12,0.5933621369893828,3143734.6600573123,5298172,4
2021-03-13,0.3506049910985525,1857565.5468986,5298172,4
2021-03-14,0.3091243827580494,1637794.1492459802,5298172,4
2021-03-15,0.2257524541331275,1196075.331419421,5298172,4
2021-03-16,0.3381172485933884,1791403.33921453,5298172,4
2021-03-17,0.3859749567038841,2044961.7083097312,5298172,4
2021-03-18,0.208658705182449,1105509.7093539066,5298172,4
2021-03-19,0.3351531469051461,1775699.0186447315,5298172,4
2021-03-20,0.3224021907203973,1708142.259613469,5298172,4
2021-03-21,0.3285088228657486,1740496.2470602691,5298172,4
2021-03-22,0.2505360474773189,1327383.0717350016,5298172,4
2021-03-23,0.2699989991855313,1430501.137512805,5298172,4
2021-03-24,0.2960831739254242,1568699.581762813,5298172,4
2021-03-25,0.4412526387466531,2337832.375533633,5298172,4
2021-03-26,0.6205654748019298,3287862.6227622903,5298172,4
2021-03-27,0.4164795565086999,2206580.324866812,5298172,4
2021-03-28,0.2294523367416743,1215677.9458593102,5298172,4
2021-03-29,0.3471574043736665,1839299.639445237,5298172,4
2021-03-30,0.2456955759171378,1301737.420848054,5298172,4
2021-03-31,0.4067626830838971,2155098.6581599773,5298172,4
2021-04-01,0.1833026235576717,971168.8276597968,5298172,4
2021-04-02,0.4040400314733859,2140673.5816314123,5298172,4
2021-04-03,0.193558717347113,1025507.3766043884,5298172,4
2021-04-04,0.1770999375501898,938305.9303301644,5298172,4
2021-04-05,0.1807608311298119,957701.9741886982,5298172,4
2021-04-06,0.4010192161701449,2124668.782574609,5298172,4
2021-04-07,0.6697096079521864,3548236.692983251,5298172,4
2021-04-08,0.316504661336204,1676896.1345609587,5298172,4
2021-04-09,0.3326759676407061,1762574.4968268955,5298172,4
2021-04-10,0.435603320893502,2307901.3178649675,5298172,4
2021-04-11,0.6481454967823813,3433986.3229785026,5298172,4
2021-04-12,0.2882599829456655,1527250.970363203,5298172,4
2021-04-13,0.5910199043905443,3131325.108884659,5298172,4
2021-04-14,0.649283010015388,3440013.063739248,5298172,4
2021-04-15,0.4246611039889847,2249927.5706435274,5298172,4
2021-04-16,0.4900474521012218,2596355.6893940344,5298172,4
2021-04-17,0.5803754651772445,3074929.039089052,5298172,4
2021-04-18,0.3514865496067659,1862236.1955031783,5298172,4
2021-04-19,0.4221837362513271,2236802.0502621667,5298172,4
2021-04-20,0.4581497852656412,2427356.364100433,5298172,4
2021-04-21,0.6901793416975623,3656688.863160457,5298172,4
2021-04-22,0.8933727767154643,4733242.631156125,5298172,4
2021-04-23,0.411435055849646,2179853.6927210307,5298172,4
2021-04-24,0.4687862964766919,2483710.429976508,5298172,4
2021-04-25,0.2721252795774295,1441766.5367493087,5298172,4
2021-04-26,0.4344736394079164,2301916.07104912,5298172,4
2021-04-27,0.5433870666850582,2878958.141872908,5298172,4
2021-04-28,0.3799793117785258,2013195.750244256,5298172,4
2021-04-29,0.3610916146614311,1913125.482233984,5298172,4
2021-04-30,0.4241467732541789,2247202.55794564,5298172,4
2021-05-01,0.5938237391354787,3146180.307622897,5298172,4
2021-05-02,0.7141421239389412,3783647.805073828,5298172,4
2021-05-03,0.8291493372814205,4392975.802602978,5298172,4
2021-05-04,1.0088528456108965,5345075.898735974,5298172,4
2021-05-05,0.3909965387357906,2071566.9136268813,5298172,4
2021-05-06,0.2633378951029244,1395209.462373251,5298172,4
2021-05-07,0.3004054604350278,1591599.7991239722,5298172,4
2021-05-08,0.4870630141750252,2580543.623937722,5298172,4
2021-05-09,0.7600573283141417,4026914.455268793,5298172,4
2021-05-10,0.4671273667917749,2474921.135169912,5298172,4
2021-05-11,0.3896682626424446,2064529.4784208464,5298172,4
2021-05-12,0.3209850035974116,1700633.7584797055,5298172,4
2021-05-13,0.3162268316468659,1675424.145080139,5298172,4
2021-05-14,0.3418465242637466,1811161.683151503,5298172,4
2021-05-15,0.6357080055324063,3368090.35508764,5298172,4
2021-05-16,0.2585025837612166,1369591.1512113328,5298172,4
2021-05-17,0.4002101900391906,2120382.422980319,5298172,4
2021-05-18,0.5558154445727538,2944805.825602916,5298172,4
2021-05-19,0.9150844395303176,4848274.755155223,5298172,4
2021-05-20,0.6937872837063823,3675804.360489211,5298172,4
2021-05-21,0.6476757173056354,3431497.350508633,5298172,4
2021-05-22,0.2505883656160391,1327660.262232661,5298172,4
2021-05-23,0.2799186270235261,1483057.0319744896,5298172,4
2021-05-24,0.1756054034484457,930387.6315992587,5298172,4
2021-05-25,0.50879065515991,2695660.4030298907,5298172,4
2021-05-26,0.4906662221966831,2599634.0397882448,5298172,4
2021-05-27,0.4902762442575249,2597567.86959038,5298172,4
2021-05-28,0.320339091957192,1697211.6075130198,5298172,4
2021-05-29,0.6306196446435751,3341131.34390054,5298172,4
2021-05-30,0.3434071427052426,1819430.1080809208,5298172,4
2021-05-31,0.2696701497157938,1428758.836460027,5298172,4
2021-06-01,0.359097675660941,1902561.25045188,5298172,4
2021-06-02,0.5925449010416819,3139404.80344181,5298172,4
2021-06-03,0.5395530994127006,2858645.123821587,5298172,4
2021-06-04,0.439533350085611,2328723.288489782,5298172,4
2021-06-05,0.3833397158334614,2030999.748916802,5298172,4
2021-06-06,0.3371207309956589,1786123.617580732,5298172,4
2021-06-07,0.4057359500366149,2149658.8498773924,5298172,4
2021-06-08,0.3497126352359132,1852837.692053129,5298172,4
2021-06-09,0.4070594839009057,2156671.159938229,5298172,4
2021-06-10,0.3695860585639822,1958130.507074051,5298172,4
2021-06-11,0.2663771291977048,1411311.8473556624,5298172,4
2021-06-12,0.4107429603168081,2176186.851547624,5298172,4
2021-06-13,0.6372474722322685,3376246.7144517824,5298172,4
2021-06-14,0.7112283323907435,3768210.03627933,5298172,4
2021-06-15,0.7691840935111591,4075269.627086205,5298172,4
2021-06-16,0.3517859144570892,1863822.2819709447,5298172,4
2021-06-17,0.304576419279974,1613698.2564894184,5298172,4
2021-06-18,0.2782735433256187,1474341.09558858,5298172,4
2021-06-19,0.4886421003613933,2588909.894155924,5298172,4
2021-06-20,0.4304304099974498,2280494.3461970086,5298172,4
2021-06-21,0.4625071351768071,2450442.3533939747,5298172,4
2021-06-22,0.4278817264590014,2266990.982436741,5298172,4
2021-06-23,0.4239098146572609,2245947.110542289,5298172,4
2021-06-24,0.6076183084807333,3219266.3086799835,5298172,4
2021-06-25,0.6102571895005632,3233247.5542105776,5298172,4
2021-06-26,0.6320804538818393,3348870.962504053,5298172,4
2021-06-27,0.5045446053173811,2673164.1006435994,5298172,4
2021-06-28,0.2226981361382354,1179893.029339787,5298172,4
2021-06-29,0.3723887920699761,1972979.8712589687,5298172,4
2021-06-30,0.6218731416032783,3294790.8663945245,5298172,4
2021-07-01,0.763072900200681,4042891.473802042,5298172,4
2021-07-02,0.5726427612915738,3033959.8438777,5298172,4
2021-07-03,0.5300515049881241,2808304.04228594,5298172,4
2021-07-04,0.5391639096432693,2856583.1294825,5298172,4
2021-07-05,0.6354024507399482,3366471.4732417725,5298172,4
2021-07-06,0.8035813649835651,4257512.287677705,5298172,4
2021-07-07,0.7330690487850541,3883925.908339608,5298172,4
2021-07-08,0.5587587196036821,2960399.802960079,5298172,4
2021-07-09,0.5341441766127302,2829987.720492622,5298172,4
2021-07-10,0.4999297192040068,2648713.640254531,5298172,4
2021-07-11,0.5381647586941094,2851289.455899888,5298172,4
2021-07-12,0.8615905528348088,4564854.942493904,5298172,4
2021-07-13,0.6540647994334585,3465347.806543966,5298172,4
2021-07-14,0.3571901202202818,1892454.6936277312,5298172,4
2021-07-15,0.5360905802795243,2840300.1019007275,5298172,4
2021-07-16,0.5248376910250181,2780680.359133402,5298172,4
2021-07-17,0.6323182066653229,3350130.617644427,5298172,4
2021-07-18,0.4133793970608045,2190155.1468844367,5298172,4
2021-07-19,0.3652056010188159,1934922.0895610617,5298172,4
2021-07-20,0.5280800966145951,2797859.1816407423,5298172,4
2021-07-21,0.6848201882303273,3628295.14631665,5298172,4
2021-07-22,0.8313333375513808,4404547.0116812745,5298172,4
2021-07-23,0.6145017467493741,3255735.948578625,5298172,4
2021-07-24,0.4909536979583746,2601157.135819517,5298172,4
2021-07-25,0.4042924573680258,2142010.977438468,5298172,4
2021-07-26,0.6100392713100743,3232092.986155439,5298172,4
2021-07-27,0.673908077276877,3570480.905602186,5298172,4
2021-07-28,0.4155121938556456,2201455.0711445534,5298172,4
2021-07-29,0.1773153364001183,939447.1504856877,5298172,4
2021-07-30,0.5022420231010426,2660964.6240172973,5298172,4
2021-07-31,0.5300754379746512,2808430.8433650336,5298172,4
2021-08-01,0.5676665556753793,3007595.050615736,5298172,4
2021-08-02,0.6154141817710651,3260570.186262368,5298172,4
2021-08-05,0.6278700404510525,3326563.4679566342,5298172,4
2021-08-06,0.8455407304731616,4479820.223052451,5298172,4
2021-08-07,0.7515110740132066,3981634.930026699,5298172,4
2021-08-08,0.827209610660787,4382698.797333883,5298172,4
2021-08-09,0.7194121887522394,3811569.51490583,5298172,4
2021-08-10,0.6093043918756798,3228199.468512754,5298172,4
2021-08-11,0.6846729129723593,3627514.856668591,5298172,4
2021-08-12,0.7681531966474315,4069807.758187916,5298172,4
2021-08-13,0.7108771801037567,3766349.571064681,5298172,4
2021-08-14,0.7342179686257453,3890013.083269802,5298172,4
2021-08-15,0.5113191010810046,2709056.5444125487,5298172,4
2021-08-16,0.7198282700062402,3813773.9849555017,5298172,4
2021-08-17,0.9780539073527854,5181897.826427122,5298172,4
2021-08-18,0.7519498380409335,3983959.5773130087,5298172,4
2021-08-19,0.7538206834557555,3993871.638106147,5298172,4
2021-08-20,0.5533033778352808,2931496.4639523053,5298172,4
2021-08-21,0.5031467433002056,2665757.987244337,5298172,4
2021-08-22,0.7087152648642852,3754895.372276539,5298172,4
2021-08-23,0.803905413152029,4259229.150610512,5298172,4
2021-08-24,0.9720389294266536,5150029.438798273,5298172,4
2021-08-25,0.341403743896213,1808815.7566060864,5298172,4
2021-08-26,0.3594069612825687,1904199.8988723897,5298172,4
2021-08-27,0.3356331079425422,1778241.9347741548,5298172,4
2021-08-28,0.5423158376839973,2873282.586373899,5298172,4
2021-08-29,0.5645079966029751,2990860.461377978,5298172,4
2021-08-30,0.9868550000703592,5228527.529432775,5298172,4
2021-08-31,0.8864966579500836,4696811.77124471,5298172,4
2021-09-01,0.8236061546521426,4363607.067605652,5298172,4
2021-09-02,0.8967917173979341,4751356.766949647,5298172,4
2021-09-03,1.0153641704445489,5379574.017652536,5298172,4
2021-09-04,0.9638785910306278,5106794.562397923,5298172,4
2021-09-05,0.8551165371660654,4530554.493950207,5298172,4
2021-09-06,0.603896948787883,3199549.904953396,5298172,4
2021-09-07,0.7085245657234261,3753885.015428016,5298172,4
2021-09-08,0.6437423641119485,3410657.7687517307,5298172,4
2021-09-09,0.4765997636210917,2525107.5228238865,5298172,4
2021-09-10,0.4608055489529051,2441427.056906911,5298172,4
2021-09-11,0.5702468184606602,3021265.726657353,5298172,4
2021-09-12,0.7573607455079893,4012627.4957495546,5298172,4
2021-09-13,0.9668929603263298,5122765.209398071,5298172,4
2021-09-14,0.9489539355007012,5027721.170359621,5298172,4
2021-09-15,0.5823722157564782,3085508.167098932,5298172,4
2021-09-16,0.3296909786725907,1746759.5118557173,5298172,4
2021-09-17,0.5875097892281703,3112727.9150145934,5298172,4
2021-09-18,0.7779988149930399,4121971.537629305,5298172,4
2021-09-19,0.5568077255655013,2950063.100974823,5298172,4
2021-09-20,0.6148787684604475,3257733.474451626,5298172,4
2021-09-21,0.3793512076426342,2009867.9464983908,5298172,4
2021-09-22,0.2736367463249443,1449774.547549923,5298172,4
2021-09-23,0.3968407824513135,2102530.7220416404,5298172,4
2021-09-24,0.8718053400921041,4618974.642326463,5298172,4
2021-09-25,0.8765914539577528,4644332.296798255,5298172,4
2021-09-26,0.7618805893858375,4036574.4060275415,5298172,4
2021-09-27,0.9318933383439952,4937331.192200681,5298172,4
2021-09-28,0.993418441081962,5263301.7688241005,5298172,4
2021-09-29,1.0453026412425526,5538193.185357337,5298172,4
2021-09-30,1.2649167843750244,6701746.689305792,5298172,4
2021-10-01,1.0107593541408455,5355176.908847111,5298172,4
2021-10-02,0.8255638712748877,4373979.387000214,5298172,4
2021-10-03,0.6208625589944506,3289436.6259127464,5298172,4
2021-10-04,0.6585701879050954,3489218.129593515,5298172,4
2021-10-05,0.4654331795860343,2465945.039953699,5298172,4
2021-10-06,0.5834749412964815,3091350.596678662,5298172,4
2021-10-07,0.3734845529517036,1978785.4008812336,5298172,4
2021-10-08,0.5796577321745642,3071126.366190776,5298172,4
2021-10-09,0.5496843736802085,2912322.3574700174,5298172,4
2021-10-10,0.6318341482959685,3347565.9931455483,5298172,4
2021-10-11,0.7107767582161143,3765817.5186313866,5298172,4
2021-10-12,0.5327243823760983,2822465.406422337,5298172,4
2021-10-13,0.7145302808481474,3785704.327141791,5298172,4
2021-10-14,0.7730634955911843,4095823.366563336,5298172,4
2021-10-15,0.4918087925391545,2605687.573984757,5298172,4
2021-10-16,0.3955722234171458,2095809.6780864664,5298172,4
2021-10-17,0.3769682611138662,1997242.6859221747,5298172,4
2021-10-18,0.3030918908642652,1605832.9696041057,5298172,4
2021-10-19,0.3451638709543887,1828737.5565021555,5298172,4
2021-10-20,0.5094210555716044,2699000.3728399184,5298172,4
2021-10-21,0.5797459485682611,3071593.751817801,5298172,4
2021-10-22,0.6433648643121218,3408657.709882283,5298172,4
2021-10-23,0.6062707508874747,3212126.716770993,5298172,4
2021-10-24,0.5454915634435049,2890108.127672601,5298172,4
2021-10-25,0.4344764596722871,2301931.0132948407,5298172,4
2021-10-26,0.7234577260646454,3833003.467419375,5298172,4
2021-10-27,0.5503463514320284,2915829.6294593327,5298172,4
2021-10-28,0.6407430977492465,3394767.139688321,5298172,4
2021-10-29,0.4880245368104568,2585637.9362421315,5298172,4
2021-10-30,0.709979282814786,3761592.35678938,5298172,4
2021-10-31,0.6920532362029804,3666617.078560017,5298172,4
2021-11-01,0.6289033398641988,3332038.065974981,5298172,4
2021-11-02,0.3613775679869965,1914640.5121368016,5298172,4
2021-11-03,0.3762316335230797,1993339.9062462423,5298172,4
2021-11-04,0.5185829615722518,2747541.7266791803,5298172,4
2021-11-05,0.6370957421519785,3375442.822388832,5298172,4
2021-11-06,0.3823999592023932,2026020.7566472625,5298172,4
2021-11-07,0.455993578928394,2415932.412058207,5298172,4
2021-11-08,0.2894164238952946,1533377.993422181,5298172,4
2021-11-09,0.3919533226877974,2076636.1195714527,5298172,4
2021-11-10,0.5443164091376985,2883881.9580338984,5298172,4
2021-11-11,0.3791101422212688,2008590.740432744,5298172,4
2021-11-12,0.3624769449796332,1920465.200536633,5298172,4
2021-11-13,0.4064833000793563,2153618.438948044,5298172,4
2021-11-14,0.3102536941256434,1643777.4351130486,5298172,4
2021-11-15,0.2893625702351451,1533092.6674678791,5298172,4
2021-11-16,0.2930518346782793,1552639.0250410887,5298172,4
2021-11-17,0.2925033317872225,1549732.9623817722,5298172,4
2021-11-18,0.2407472670904047,1275520.429574904,5298172,4
2021-11-19,0.2178467447124811,1154189.5231268157,5298172,4
2021-11-20,0.3769411179634132,1997098.876842453,5298172,4
2021-11-21,0.7488132851104142,3967341.580400014,5298172,4
2021-11-22,0.4305853234487786,2281315.104307262,5298172,4
2021-11-23,0.2516335789555485,1333197.9822820765,5298172,4
2021-11-24,0.2192352917920202,1161546.2843843114,5298172,4
2021-11-25,0.3341041617473145,1770141.314853093,5298172,4
2021-11-26,0.3316195292153828,1756977.3043421232,5298172,4
2021-11-27,0.4200848910269139,2225682.0072618467,5298172,4
2021-11-28,0.7327974774466349,3882487.076678393,5298172,4
2021-11-29,0.2676211954003865,1417903.1240768568,5298172,4
2021-11-30,0.3360479122519472,1780439.6393517237,5298172,4
2021-12-01,0.4300220937365197,2278331.016416204,5298172,4
2021-12-02,0.4275516724590724,2265242.2995758285,5298172,4
2021-12-03,0.2778794649322905,1472253.2004792434,5298172,4
2021-12-04,0.3285677925341439,1740808.6785062104,5298172,4
2021-12-05,0.2209111357870161,1170425.1941149668,5298172,4
2021-12-06,0.2209219460884194,1170482.4689511731,5298172,4
2021-12-07,0.2620310231891825,1388285.4301922775,5298172,4
2021-12-08,0.4526729200854864,2398338.990355162,5298172,4
2021-12-09,0.2728425438369443,1445566.726165671,5298172,4
2021-12-10,0.3282153978937625,1738941.6310895917,5298172,4
2021-12-11,0.369144614167641,1955791.6587337991,5298172,4
2021-12-12,0.4483844550045732,2375617.9647404896,5298172,4
2021-12-13,0.4496599790338768,2382375.910437873,5298172,4
2021-12-14,0.2932903420812071,1553902.6782850733,5298172,4
2021-12-15,0.2793938311257132,1480276.573042982,5298172,4
2021-12-16,0.2631873436987947,1394411.8151393307,5298172,4
2021-12-17,0.2714730520420499,1438310.9230837317,5298172,4
2021-12-18,0.2812002569712787,1489847.3278780335,5298172,4
2021-12-19,0.2184427882888025,1157347.464513661,5298172,4
2021-12-20,0.2197945318303426,1164509.23429663,5298172,4
2021-12-21,0.2213445072141738,1172721.270475934,5298172,4
2021-12-22,0.2486583671504525,1317434.7984022475,5298172,4
2021-12-23,0.2209539666820353,1170652.1195636927,5298172,4
2021-12-24,0.2663617519477997,1411230.376040778,5298172,4
2021-12-25,0.4113465787463053,2179384.92580947,5298172,4
2021-12-26,0.4584005425568195,2428684.9193593496,5298172,4
2021-12-27,0.5110410678851348,2707583.4767191205,5298172,4
2021-12-28,0.4779344008115417,2532178.660216488,5298172,4
2021-12-29,0.3669874529351727,1944362.6474924493,5298172,4
2021-12-30,0.5558663907029198,2945075.74696327,5298172,4
2021-12-31,0.5155478353801607,2731461.1060717767,5298172,4
2022-01-01,0.5239251028934151,2775845.310247011,5298172,4
2022-01-02,0.5971009827028786,3163543.707728876,5298172,4
2022-01-03,0.5941968297108523,3148157.005662806,5298172,4
2022-01-04,0.4929141263465783,2611543.822613904,5298172,4
2022-01-05,0.2438911460265578,1292177.24092582,5298172,4
2022-01-06,0.4478124118417003,2372587.181672165,5298172,4
2022-01-07,0.3135712722457925,1661354.5346170354,5298172,4
2022-01-08,0.3455179011819447,1830613.2695409465,5298172,4
2022-01-09,0.2489686782418521,1319078.87993799,5298172,4
2022-01-10,0.2793430827537533,1480007.6994396185,5298172,4
2022-01-11,0.2252074702844807,1193187.9132520678,5298172,4
2022-01-12,0.4350948703619215,2305207.4594951626,5298172,4
2022-01-13,0.549044013431926,2908929.6187326545,5298172,4
2022-01-14,0.4637252106995725,2456895.9270225754,5298172,4
2022-01-15,0.4195222356926975,2222700.9625244504,5298172,4
2022-01-16,0.4164059820944279,2206190.5149651994,5298172,4
2022-01-17,0.4166543721698238,2207506.52830774,5298172,4
2022-01-18,0.4489081133126137,2378392.3965257173,5298172,4
2022-01-19,0.2947426692298748,1561597.3573189846,5298172,4
2022-01-20,0.2365123514993684,1253083.1183681116,5298172,4
2022-01-21,0.3169318812374901,1679159.6190797957,5298172,4
2022-01-22,0.3180681709892335,1685179.8776263697,5298172,4
2022-01-23,0.3000487223528599,1589709.7394056967,5298172,4
2022-01-24,0.3477496234067583,1842437.317744232,5298172,4
2022-01-25,0.2382357404859184,1262213.9296417595,5298172,4
2022-01-26,0.1970525922626526,1044018.526853403,5298172,4
2022-01-27,0.2343621148976198,1241690.795011352,5298172,4
2022-01-28,0.2032065354071589,1076623.176111218,5298172,4
2022-01-29,0.2959235492662734,1567853.8628631907,5298172,4
2022-01-30,0.4806333991089719,2546478.4174239803,5298172,4
2022-01-31,0.6159434352392816,3263374.2621685755,5298172,4
2022-02-01,0.2321592212263552,1230019.485443281,5298172,4
2022-02-02,0.3391177081799519,1796703.9461831923,5298172,4
2022-02-03,0.4412646068638808,2337895.784677221,5298172,4
2022-02-04,0.3873982478536884,2052502.549627472,5298172,4
2022-02-05,0.6481285503099505,3433896.537652771,5298172,4
2022-02-06,0.3306527934749185,1751855.372110596,5298172,4
2022-02-07,0.3527253280765035,1868799.4569057445,5298172,4
2022-02-08,0.537088736251132,2845588.5039211325,5298172,4
2022-02-09,0.5119328886299862,2712308.4964185115,5298172,4
2022-02-10,0.6162177527464029,3264827.643503915,5298172,4
2022-02-11,0.5500344386235615,2914177.0617510723,5298172,4
2022-02-12,0.3825984054334463,2027072.1589121327,5298172,4
2022-02-13,0.3030590266328886,1605658.849253625,5298172,4
2022-02-14,0.4590053947714559,2431889.530427074,5298172,4
2022-02-15,0.4530564146937704,2400370.810750923,5298172,4
2022-02-16,0.4488080859128237,2377862.434156917,5298172,4
2022-02-17,0.3986953364829309,2112356.468284443,5298172,4
2022-02-18,0.2349199600676782,1244646.3546716908,5298172,4
2022-02-19,0.4740996331194693,2511861.401403845,5298172,4
2022-02-20,0.6300202543225004,3337955.670884351,5298172,4
2022-02-21,0.5358924983338399,2839250.629682397,5298172,4
2022-02-22,0.5074119106683269,2688355.5775694307,5298172,4
2022-02-23,0.2438008096436507,1291698.6232313202,5298172,4
2022-02-24,0.4029997321096562,2135161.8966708817,5298172,4
2022-02-25,0.5509539963739257,2919049.036876435,5298172,4
2022-02-26,0.3818848846912188,2023291.803294244,5298172,4
2022-02-27,0.4062317066966405,2152285.4539323533,5298172,4
2022-02-28,0.5830485193695001,3089091.339964943,5298172,4
2022-03-01,0.2791096189825699,1478770.7682241204,5298172,4
2022-03-02,0.3331325129495886,1764993.3523991478,5298172,4
2022-03-03,0.238270321263652,1262397.1445500858,5298172,4
2022-03-04,0.3585953621048414,1899899.906833732,5298172,4
2022-03-05,0.4234083972294856,2243290.514766138,5298172,4
2022-03-06,0.3469759323607073,1838338.169507393,5298172,4
2022-03-07,0.2972600824770077,1574935.0456973729,5298172,4
2022-03-08,0.6008695675360738,3183510.318371735,5298172,4
2022-03-09,0.2921692320011868,1547962.844250192,5298172,4
2022-03-10,0.444483074345173,2354947.778969514,5298172,4
2022-03-11,0.340900515328245,1806149.5650976787,5298172,4
2022-03-12,0.2668651457171478,1413897.4428145126,5298172,4
2022-03-13,0.4381770789472273,2321537.530719989,5298172,4
2022-03-14,0.4060106521723549,2151114.26904131,5298172,4
2022-03-15,0.3708918166964063,1965048.638250033,5298172,4
2022-03-16,0.3949908336029021,2092729.374851555,5298172,4
2022-03-17,0.5426853837477276,2875240.504981465,5298172,4
2022-03-18,0.4266660688568406,2260550.219367385,5298172,4
2022-03-19,0.3435340022660386,1820102.2318538623,5298172,4
2022-03-20,0.2711929446070035,1436826.865714377,5298172,4
2022-03-21,0.3679135857500519,1949269.458440524,5298172,4
2022-03-22,0.4597326417945924,2435742.610242139,5298172,4
2022-03-23,0.4961723264416444,2628806.32712798,5298172,4
2022-03-24,0.624734621149043,3309951.477202467,5298172,4
2022-03-25,0.3749304704264326,1986446.1203601533,5298172,4
2022-03-26,0.3752843257996341,1988320.906990499,5298172,4
2022-03-27,0.4052708856616566,2147194.8588277907,5298172,4
2022-03-28,0.5895121465508306,3123336.748515507,5298172,4
2022-03-29,0.7272133408700636,3852901.360624226,5298172,4
2022-03-30,0.6293837684219691,3334583.459107761,5298172,4
2022-03-31,0.3285273090786506,1740594.1901958524,5298172,4
2022-04-01,0.444923144100831,2357279.344226988,5298172,4
2022-04-02,0.5521691256610325,2925487.000841764,5298172,4
2022-04-03,0.7280474221379069,3857320.4666432384,5298172,4
2022-04-04,0.8573587758229142,4542434.260019241,5298172,4
2022-04-05,0.6585373692482087,3489044.2507045204,5298172,4
2022-04-06,0.6932258690445432,3672829.8890474658,5298172,4
2022-04-07,0.6039510087370344,3199836.3238623114,5298172,4
2022-04-08,0.5197390936566864,2753667.113317233,5298172,4
2022-04-09,0.4389997163478021,2325896.0051618675,5298172,4
2022-04-10,0.8827134325088403,4676767.592142227,5298172,4
2022-04-11,0.9366339644499614,4962447.844697781,5298172,4
2022-04-12,0.5210336825678004,2760526.068037608,5298172,4
2022-04-13,0.5035236136524047,2667754.711191989,5298172,4
2022-04-14,0.4274536410789923,2264722.912462767,5298172,4
2022-04-15,0.4240034236699073,2246443.0671920404,5298172,4
2022-04-16,0.4862360568348597,2576162.261712862,5298172,4
2022-04-17,0.362319894687365,1919633.121075546,5298172,4
2022-04-18,0.4449716918639525,2357536.558626221,5298172,4
2022-04-19,0.6953824023358401,3684255.573348483,5298172,4
2022-04-20,0.8460122385354021,4482318.353865588,5298172,4
2022-04-21,0.771928988848334,4089812.554704556,5298172,4
2022-04-22,0.7494586452039176,3970760.80917733,5298172,4
2022-04-23,0.8831589802578905,4679128.180750908,5298172,4
2022-04-24,0.5941791818364266,3148063.5041886643,5298172,4
2022-04-25,0.4902205238842486,2597272.653468857,5298172,4
2022-04-26,0.9871433628085884,5230055.324818305,5298172,4
2022-04-27,0.8662091842968939,4589325.246384643,5298172,4
2022-04-28,0.7289739914940071,3862229.590461787,5298172,4
2022-04-29,0.5952749098357131,3153868.8595941,5298172,4
2022-04-30,0.5581577664166919,2957215.849611457,5298172,4
2022-05-01,0.92308024523912,4890637.909079039,5298172,4
2022-05-02,0.9647488129727796,5111405.147925618,5298172,4
2022-05-03,0.4641392686308753,2459089.677160582,5298172,4
2022-05-04,0.5555327823450098,2943308.232502425,5298172,4
2022-05-05,0.7629846290896501,4042423.79827317,5298172,4
2022-05-06,0.7698721159077603,4078914.88808325,5298172,4
2022-05-07,1.0267820818673674,5440068.076251393,5298172,4
2022-05-08,0.6595522802306133,3494421.423653989,5298172,4
2022-05-09,0.6952412233992786,3683507.583059802,5298172,4
2022-05-10,0.5960690213432822,3158076.19894838,5298172,4
2022-05-11,0.4039963544092567,2140442.1730332,5298172,4
2022-05-12,0.5029552001767712,2664743.158830964,5298172,4
2022-05-13,0.5978520109747851,3167522.784690299,5298172,4
2022-05-14,0.5618967390532554,2977025.5697432645,5298172,4
2022-05-15,0.4923203519248872,2608397.903598584,5298172,4
2022-05-16,0.2381477265684846,1261747.6167688011,5298172,4
2022-05-17,0.4794763088790179,2540347.954366164,5298172,4
2022-05-18,0.4499753227473164,2384046.655670795,5298172,4
2022-05-19,0.4199567809234459,2225003.257898736,5298172,4
2022-05-20,0.4713525349835751,2497306.802978998,5298172,4
2022-05-21,0.7676585898397944,4067187.246248683,5298172,4
2022-05-22,0.6111566401883431,3238012.9986599544,5298172,4
2022-05-23,0.8448400556436618,4476107.927289691,5298172,4
2022-05-24,0.5669443640383593,3003768.7551058424,5298172,4
2022-05-25,0.6846533977842038,3627411.46184513,5298172,4
2022-05-26,0.2692554090601632,1426561.4691311033,5298172,4
2022-05-27,0.338901847630289,1795560.2798630637,5298172,4
2022-05-28,0.3849602173255826,2039585.4445483163,5298172,4
2022-05-29,0.5712992799033283,3026841.8484039768,5298172,4
2022-05-30,0.2938109578080302,1556660.989951687,5298172,4
2022-05-31,0.2465896301249009,1306474.2738181069,5298172,4
2022-06-01,0.3304488181084735,1750774.6755354074,5298172,4
2022-06-02,0.3071881054253463,1627535.4188976178,5298172,4
2022-06-03,0.5389297114249142,2855342.3070395608,5298172,4
2022-06-04,0.5850412531693582,3099649.186386805,5298172,4
2022-06-05,0.519063615757417,2750088.3152247053,5298172,4
2022-06-06,0.5510037029999612,2919312.39113071,5298172,4
2022-06-07,0.8125995174919455,4305292.010789336,5298172,4
2022-06-08,0.6695325420294622,3547298.56726932,5298172,4
2022-06-09,0.560521361863769,2969738.5848284885,5298172,4
2022-06-10,0.3637601192527429,1927263.6785415432,5298172,4
2022-06-11,0.3640031632896264,1928551.3676525268,5298172,4
2022-06-12,0.6568763347670201,3480243.804325253,5298172,4
2022-06-13,0.851115914508657,4509358.50700416,5298172,4
2022-06-14,0.5072366861766266,2687427.2080737907,5298172,4
2022-06-15,0.4172940166474789,2210895.4747692067,5298172,4
2022-06-16,0.6492672084832606,3439929.344504174,5298172,4
2022-06-17,0.7606996011128284,4030317.327027157,5298172,4
2022-06-18,0.533727405377307,2827779.594802697,5298172,4
2022-06-19,0.6555374034479935,3473149.915900863,5298172,4
2022-06-20,0.5723294228481512,3032299.722910235,5298172,4
2022-06-21,0.6476893665265934,3431569.6664289343,5298172,4
2022-06-22,0.7447177819458053,3945642.900207371,5298172,4
2022-06-23,0.8141805716704231,4313668.707768229,5298172,4
2022-06-24,0.8575733665382441,4543571.198538662,5298172,4
2022-06-25,0.6369455154182342,3374646.895314457,5298172,4
2022-06-26,0.5373924865670282,2847197.825339805,5298172,4
2022-06-27,0.7478522379645616,3962249.787321177,5298172,4
2022-06-29,0.8687520602653771,4602797.8406403335,5298172,4
2022-06-30,0.8704856829477803,4611982.871794807,5298172,4
2022-07-01,0.6971133622696344,3693426.4968028334,5298172,4
2022-07-02,0.8724771673498775,4622534.098692435,5298172,4
2022-07-03,0.6062236981843395,3211877.423456718,5298172,4
2022-07-04,0.5869031139001546,3109513.6447786097,5298172,4
2022-07-05,0.4152232615321872,2199924.257998511,5298172,4
2022-07-06,0.5405518564869706,2863936.710587286,5298172,4
2022-07-07,0.6326714555981525,3352002.191249375,5298172,4
2022-07-08,0.6655987835108346,3526456.8380311653,5298172,4
2022-07-09,0.7688854944904688,4073687.598115557,5298172,4
2022-07-10,0.5173703102840885,2741116.89157847,5298172,4
2022-07-11,0.411669581399172,2181096.249420814,5298172,4
2022-07-12,0.3517750427464117,1863764.6817778416,5298172,4
2022-07-13,0.4916192696353516,2604683.44904247,5298172,4
2022-07-14,0.6399673759839078,3390657.232351413,5298172,4
2022-07-15,0.4395036916650521,2328566.1530764126,5298172,4
2022-07-16,0.470197067277638,2491184.9363324977,5298172,4
2022-07-17,0.3808733977274342,2017932.771384356,5298172,4
2022-07-18,0.4904079818095252,2598265.837799736,5298172,4
2022-07-19,0.7604964286965965,4029240.884620304,5298172,4
2022-07-20,0.8579534362450797,4545584.873217466,5298172,4
2022-07-21,0.8313822672049994,4404806.249402046,5298172,4
2022-07-22,0.6413821235980862,3398152.80854792,5298172,4
2022-07-23,0.6020791831831225,3189919.07012369,5298172,4
2022-07-24,0.7799277550632658,4132191.393899053,5298172,4
2022-07-25,0.7160134344666805,3793562.330115202,5298172,4
2022-08-11,0.800176624673462,4239473.387899445,5298172,4
2022-08-12,0.4824027611449299,2555852.801820756,5298172,4
2022-08-13,0.4301566996124913,2279044.1814993126,5298172,4
2022-08-14,0.6428971543488423,3406179.7020507148,5298172,4
2022-08-15,0.8144890708885041,4315303.189687488,5298172,4
2022-08-16,0.6956957242700731,3685915.6068474217,5298172,4
2022-08-17,0.6452278702671963,3418528.235869292,5298172,4
2022-08-18,0.7481121098397044,3963626.633213647,5298172,4
2022-08-19,0.4444328061187192,2354681.4492596267,5298172,4
2022-08-20,0.7876731865881029,4173228.0223318622,5298172,4
2022-08-21,1.03634099033497,5490712.817445009,5298172,4
2022-08-22,0.6918240032761183,3665402.5630854378,5298172,4
2022-08-23,0.4692029113284445,2485917.7271188474,5298172,4
2022-08-24,0.6313773853504249,3345145.984496831,5298172,4
2022-08-25,0.6997349012413036,3707315.86117944,5298172,4
2022-08-26,0.8382538584337047,4441213.121645418,5298172,4
2022-08-27,0.8678808447221533,4598181.990843261,5298172,4
2022-08-28,0.5891485630012825,3121410.420333631,5298172,4
2022-08-29,0.3110304529597087,1647892.8370184458,5298172,4
2022-08-30,0.828640575584064,4390280.295623371,5298172,4
2022-08-31,0.855468910771158,4532421.429918248,5298172,4
2022-09-01,1.040358003404018,5511995.643611073,5298172,4
2022-09-02,0.7504058274684379,3975779.143730108,5298172,4
2022-09-03,0.7003753692861364,3710709.171041468,5298172,4
2022-09-04,0.6231111260527109,3301349.9209409435,5298172,4
2022-09-05,0.9483143317975936,5024332.439928721,5298172,4
2022-09-06,0.9275649320813406,4914398.55133526,5298172,4
2022-09-07,0.862614709763317,4570281.102056133,5298172,4
2022-09-08,0.5741342863337715,3041862.2000935706,5298172,4
2022-09-09,0.8656208959671273,4586208.393627947,5298172,4
2022-09-10,0.8183279739559356,4335642.358430067,5298172,4
2022-09-11,1.080341761712014,5723836.472333264,5298172,4
2022-09-12,0.9673825452695926,5125359.114636088,5298172,4
2022-09-13,0.572744220404545,3034497.391709189,5298172,4
2022-09-14,0.3690379959085695,1955226.7768588976,5298172,4
2022-09-15,0.344580310390076,1825645.7522600093,5298172,4
2022-09-16,0.5822212217708141,3084708.174991918,5298172,4
2022-09-17,1.323121519314341,7010125.386228701,5298172,4
2022-09-18,1.3463880155754786,7133395.285257565,5298172,4
2022-09-19,1.0320821655301589,5468148.831111252,5298172,4
2022-09-20,0.8907976474720678,4719599.1535023805,5298172,4
2022-09-21,0.883331291539043,4680041.115555994,5298172,4
2022-09-22,0.9018933858541224,4778386.283917507,5298172,4
2022-09-23,0.5170160666292593,2739240.047765276,5298172,4
2022-09-24,0.5451238200408667,2888159.7598735588,5298172,4
2022-09-25,0.8730852291619408,4625755.714759378,5298172,4
2022-09-26,0.8355108182983221,4426680.023205258,5298172,4
2022-09-27,0.8581386234559516,4546566.026912866,5298172,4
2022-09-28,0.8561496470430754,4536028.087773505,5298172,4
2022-09-29,0.4898415143297143,2595264.5956592914,5298172,4
2022-09-30,0.511301687319791,2708964.283310472,5298172,4
2022-10-01,0.7724262941176147,4092447.363557711,5298172,4
2022-10-02,1.210989907185445,6416032.818532524,5298172,4
2022-10-03,0.9632227345504878,5103319.721958827,5298172,4
2022-10-04,0.8629572556215046,4572095.968930698,5298172,4
2022-10-05,0.5717707958491478,3029340.020985671,5298172,4
2022-10-06,0.5056620575439306,2679084.554741641,5298172,4
2022-10-07,0.5122342905073081,2713905.375405685,5298172,4
2022-10-08,0.6429045320782324,3406218.7905299924,5298172,4
2022-10-09,0.6208954511601902,3289610.894264288,5298172,4
2022-10-10,0.4835962501514868,2562176.111857603,5298172,4
2022-10-11,0.5500799662236945,2914418.274807324,5298172,4
2022-10-12,0.5204333380004584,2757345.339260565,5298172,4
2022-10-13,0.6445489664852114,3414931.2868608856,5298172,4
2022-10-14,0.3353414947558115,1776696.9179533876,5298172,4
2022-10-15,0.4588233102657309,2430924.815397208,5298172,4
2022-10-16,0.6185349092840269,3277104.337391171,5298172,4
2022-10-17,0.4931589656832528,2612841.023531971,5298172,4
2022-10-18,0.6489892614553583,3438456.7333434587,5298172,4
2022-10-19,0.7083090153163407,3752742.992296608,5298172,4
2022-10-20,1.0371508248607555,5495003.460054159,5298172,4
2022-10-21,0.4912938592352897,2602959.368772353,5298172,4
2022-10-22,0.5693473347273665,3016500.1071271608,5298172,4
2022-10-23,0.4324002080479951,2290930.675074063,5298172,4
2022-10-24,0.9191949474618644,4870052.933183921,5298172,4
2022-10-25,1.0583812392098284,5607485.846906815,5298172,4
2022-10-26,1.0471423653788237,5547940.360263852,5298172,4
2022-10-27,0.7300187834636559,3867765.078021205,5298172,4
2022-10-28,0.5582698292020775,2957809.577523229,5298172,4
2022-10-29,0.841701722236147,4459480.497103332,5298172,4
2022-10-30,1.3529384709496215,7168100.724508099,5298172,4
2022-10-31,0.937062545348472,4964718.540014004,5298172,4
2022-11-01,0.4164633331044602,2206494.370480724,5298172,4
2022-11-02,0.7439457944174891,3941552.777500497,5298172,4
2022-11-03,0.951086723364288,5039021.047300416,5298172,4
2022-11-04,0.8461745410756688,4483178.260639958,5298172,4
2022-11-05,0.6805125097279038,3605472.3246901073,5298172,4
2022-11-06,0.7978138756510722,4226955.137185993,5298172,4
2022-11-07,0.7261098819246803,3847055.045336647,5298172,4
2022-11-08,0.615241141634993,3259653.389858554,5298172,4
2022-11-09,1.0423069491939392,5522321.493624751,5298172,4
2022-11-10,0.833175933382392,4414309.401320455,5298172,4
2022-11-11,0.6234353096767326,3303067.5015405933,5298172,4
2022-11-12,0.4848321339874665,2568724.0369926435,5298172,4
2022-11-13,0.7790326224610553,4127448.827409736,5298172,4
2022-11-14,0.7016639913154654,3717536.5121958414,5298172,4
2022-11-15,0.8405099482290078,4453166.273428379,5298172,4
2022-11-16,1.0311872936995203,5463407.646234575,5298172,4
2022-11-17,1.204756301024262,6383006.100910317,5298172,4
2022-11-18,0.952346229843164,5045694.129260616,5298172,4
2022-11-19,0.9584304441373116,5077929.343075869,5298172,4
2022-11-20,1.353983718452109,7173638.625558848,5298172,4
2022-11-21,0.5734339510004253,3038151.703039825,5298172,4
2022-11-22,0.3870899212412446,2050868.982202568,5298172,4
2022-11-23,0.436612438250304,2313247.7951894896,5298172,4
2022-11-24,0.5155833385057486,2731649.2077376787,5298172,4
2022-11-25,1.0072031498995786,5336335.52710975,5298172,4
2022-11-26,1.47388543700781,7808898.553562542,5298172,4
2022-11-27,0.837915155672441,4439418.616159368,5298172,4
2022-11-28,0.7841591942605747,4154610.286573937,5298172,4
2022-11-29,0.7916338957768834,4194212.540856002,5298172,4
2022-11-30,0.8288531109785677,4391406.34469954,5298172,4
2022-12-01,0.6309481774034688,3342871.9669700908,5298172,4
2022-12-02,0.4415570615155672,2339445.259724056,5298172,4
2022-12-03,0.5301335110247948,2808738.524373259,5298172,4
2022-12-04,0.6029183413471284,3194365.0744117983,5298172,4
2022-12-05,0.4558131374378893,2414976.402005577,5298172,4
2022-12-06,0.3548211585088339,1879903.527019065,5298172,4
2022-12-07,0.3738821579779323,1980891.9806982577,5298172,4
2022-12-08,0.2942739685823848,1559114.1006720709,5298172,4
2022-12-09,0.4088155826349895,2165975.273080388,5298172,4
2022-12-10,0.3776101550440096,2000643.5503698303,5298172,4
2022-12-11,0.2954291970342833,1565234.699709523,5298172,4
2022-12-12,0.3195351740363331,1692952.312094427,5298172,4
2022-12-13,0.4517214354173341,2393297.860927928,5298172,4
2022-12-14,0.3207415568035148,1699343.9354927917,5298172,4
2022-12-15,0.4027736584136519,2133964.119344775,5298172,4
2022-12-16,0.3206928859919351,1699086.0691616626,5298172,4
2022-12-17,0.6735073124500947,3568357.584618343,5298172,4
2022-12-18,0.7162021328605886,3794562.0866622506,5298172,4
2022-12-19,0.4444340053873361,2354687.803191033,5298172,4
2022-12-20,0.5725688066529123,3033568.019481874,5298172,4
2022-12-21,0.7747002768994776,4104495.315461059,5298172,4
2022-12-22,0.7881291323666805,4175643.70148944,5298172,4
2022-12-23,0.8909597315392922,4720457.902768995,5298172,4
2022-12-24,0.6927198377920357,3670148.8484343057,5298172,4
2022-12-25,0.4445587661036258,2355348.8069247794,5298172,4
2022-12-26,0.4685861478130369,2482650.007930893,5298172,4
2022-12-27,0.8719222785785794,4619594.202541229,5298172,4
2022-12-28,0.8412489638271846,4457081.705178202,5298172,4
2022-12-29,0.467335250972228,2476022.5413140315,5298172,4
2022-12-30,0.4044695220627549,2142949.0966462702,5298172,4
2022-12-31,0.5305331239709724,2810855.742495535,5298172,4
2023-01-01,0.4112159052276176,2178692.595031617,5298172,4
2023-01-02,0.4119671864663061,2182673.012254562,5298172,4
2023-01-03,0.3016308178446059,1598091.9534413912,5298172,4
2023-01-04,0.3103289566417614,1644176.1888685944,5298172,4
2023-01-05,0.3039163525195271,1610201.109261088,5298172,4
2023-01-06,0.3396053171541605,1799287.3823972929,5298172,4
2023-01-07,0.3943725559809017,2089453.633666446,5298172,4
2023-01-08,0.4668165649510621,2473274.453559899,5298172,4
2023-01-09,0.5435642371611576,2879896.8215286047,5298172,4
2023-01-10,0.4338571781863485,2298649.9534659227,5298172,4
2023-01-11,0.6227496722778175,3299434.876671509,5298172,4
2023-01-12,0.6146658931426018,3256605.6244031247,5298172,4
2023-01-13,0.5940523057292462,3147391.292750132,5298172,4
2023-01-14,0.4848784372627459,2568969.359709237,5298172,4
2023-01-15,0.563470574513294,2985364.020710248,5298172,4
2023-01-16,0.7464846973603162,3955004.321982901,5298172,4
2023-01-17,0.6878774409253775,3644492.9969424894,5298172,4
2023-01-18,0.5728692193202247,3035159.6574642737,5298172,4
2023-01-19,0.42827510261157,2269075.156953747,5298172,4
2023-01-20,0.5957680414059828,3156481.555472019,5298172,4
2023-01-21,0.7999571170448255,4238310.398727617,5298172,4
2023-01-22,0.8734181353806956,4627519.509166211,5298172,4
2023-01-23,0.5771534091167447,3057858.0318868817,5298172,4
2023-01-24,0.7007961950116808,3712938.778117426,5298172,4
2023-01-25,0.5410609008050871,2866633.71494029,5298172,4
2023-01-26,0.427954786425709,2267378.066706672,5298172,4
2023-01-27,0.4796439965787826,2541236.392641802,5298172,4
2023-01-28,0.425327323258627,2253457.3149238066,5298172,4
2023-01-29,0.3271304991997552,1733193.651206165,5298172,4
2023-01-30,0.3439425441456645,1822266.757001324,5298172,4
2023-01-31,0.400457393654459,2121692.1502530323,5298172,4
2023-02-01,0.4061893386102022,2152060.980523092,5298172,4
2023-02-02,0.4587712600394538,2430649.0443457533,5298172,4
2023-02-03,0.4149869953988844,2198672.479386498,5298172,4
2023-02-04,0.3545618674728628,1878529.7585124325,5298172,4
2023-02-05,0.3102530241415898,1643773.8854222952,5298172,4
2023-02-06,0.3740680065539367,1981876.6384198845,5298172,4
2023-02-07,0.3287829386694421,1741948.5597361557,5298172,4
2023-02-08,0.3155745783394039,1671968.3948696365,5298172,4
2023-02-09,0.3552801361605615,1882335.2695620744,5298172,4
2023-02-10,0.3286684032493704,1741341.7313805236,5298172,4
2023-02-11,0.3655389956470236,1936688.4716451825,5298172,4
2023-02-12,0.4184268677499174,2216897.5147603154,5298172,4
2023-02-13,0.6753428197074735,3578082.417775184,5298172,4
2023-02-14,0.6174001210564493,3271092.03417789,5298172,4
2023-02-15,0.6578698511798355,3485507.6251651715,5298172,4
2023-02-16,0.3972217380332775,2104549.090239246,5298172,4
2023-02-17,0.5571237917542137,2951737.6740060057,5298172,4
2023-02-18,0.3624736659157211,1920447.827492028,5298172,4
2023-02-19,0.7019766933992395,3719193.261620436,5298172,4
2023-02-20,0.784589664268447,4156890.9907164862,5298172,4
2023-02-21,0.7459342820860608,3952088.127188469,5298172,4
2023-02-22,0.4983218554904284,2640194.9017474344,5298172,4
2023-02-23,0.5927426089687158,3140452.294044999,5298172,4
2023-02-24,0.5907939044351502,3130127.7222489887,5298172,4
2023-02-25,0.6939551132533308,3676693.550295626,5298172,4
2023-02-26,0.6185291810753141,3277073.988356159,5298172,4
2023-02-27,0.4891040280431299,2591357.266465326,5298172,4
2023-02-28,0.4861318627465421,2575610.2235115725,5298172,4
2023-03-01,0.9088610352455152,4815302.088828802,5298172,4
2023-03-02,0.7603963650613159,4028710.730269642,5298172,4
2023-03-03,0.3932498305004631,2083505.2409622995,5298172,4
2023-03-04,0.4820753941471064,2554118.355159163,5298172,4
2023-03-05,0.4670570948328924,2474548.822244976,5298172,4
2023-03-06,0.5144125272482409,2725446.048315868,5298172,4
2023-03-07,0.459626984840222,2435182.8215248887,5298172,4
2023-03-08,0.3562217565063768,1887324.136112904,5298172,4
2023-03-09,0.3961359688832759,2098796.4985302435,5298172,4
2023-03-10,0.4772596279010961,2528603.5972760064,5298172,4
2023-03-11,0.7682309543295638,4070219.7317621736,5298172,4
2023-03-12,0.5992869910668797,3175125.556034792,5298172,4
2023-03-13,0.8509527853842045,4508494.220844601,5298172,4
2023-03-14,0.4800381035662204,2543324.439247649,5298172,4
2023-03-15,0.5332504848737952,2825252.7879447653,5298172,4
2023-03-16,0.4359647248930624,2309816.0984161263,5298172,4
2023-03-17,0.5173121018105946,2740808.493074042,5298172,4
2023-03-18,0.6711477262728528,3555856.0912024933,5298172,4
2023-03-19,0.4729115325375116,2505566.640167333,5298172,4
2023-03-20,0.4912151618708723,2602542.416599723,5298172,4
2023-03-21,0.4944165462772941,2619503.901823064,5298172,4
2023-03-22,0.4991439367845975,2644550.4298419245,5298172,4
2023-03-23,0.5293907859431904,2804803.4391422053,5298172,4
2023-03-24,0.3994964621854041,2116600.970049767,5298172,4
2023-03-25,0.451971051239756,2394620.368489041,5298172,4
2023-03-26,0.4620554939693749,2448049.480594711,5298172,4
2023-03-27,0.40256377521059,2132852.122035042,5298172,4
2023-03-28,0.8831225025834779,4678934.91575771,5298172,4
2023-03-29,0.5798150936322464,3071960.094259746,5298172,4
2023-03-30,0.5852451909507128,3100729.68382972,5298172,4
2023-03-31,0.5650858152892393,2993921.84416262,5298172,4
2023-04-01,0.5533748998641249,2931875.3999629105,5298172,4
2023-04-02,0.7933689874869292,4203405.355171599,5298172,4
2023-04-03,0.7839856704268493,4153690.927456761,5298172,4
2023-04-04,0.5360519740309015,2840095.5593552496,5298172,4
2023-04-05,0.414902049285802,2198222.420268656,5298172,4
2023-04-06,0.483750565919194,2562993.703337228,5298172,4
2023-04-07,0.536139513846927,2840559.360357401,5298172,4
2023-04-08,0.6647668085668107,3522048.8916780367,5298172,4
2023-04-09,0.6035285495659626,3197598.062510995,5298172,4
2023-04-10,0.4247419352611747,2250355.828626569,5298172,4
2023-04-11,0.6962085028422245,3688632.395920594,5298172,4
2023-04-12,0.7657790330052878,4057229.030855692,5298172,4
2023-04-13,0.7772327821881261,4117912.964071228,5298172,4
2023-04-14,0.6210130844937148,3290234.135898234,5298172,4
2023-04-15,0.5218840092853286,2765031.245243268,5298172,4
2023-04-16,0.5466074095342605,2896020.0721869515,5298172,4
2023-04-17,0.6905714079912894,3658766.0978200254,5298172,4
2023-04-18,0.6968758881633711,3692168.318142304,5298172,4
2023-04-19,0.9685488282292984,5131538.282357278,5298172,4
2023-04-20,0.6937430354775049,3675569.925761923,5298172,4
2023-04-21,0.8635154349663153,4575053.299106353,5298172,4
2023-04-22,0.9864010634939652,5226122.495373948,5298172,4
2023-04-23,0.8088366429012738,4285355.653993527,5298172,4
2023-04-24,0.93919926530011,4976039.249833614,5298172,4
2023-04-25,0.5958002909249097,3156652.418970211,5298172,4
2023-04-26,0.6757312875206114,3580140.587065653,5298172,4
2023-04-27,0.7045780136177225,3732975.503565036,5298172,4
2023-04-28,0.7398358103515407,3919777.375001843,5298172,4
2023-04-29,1.2859292536298712,6813074.365562682,5298172,4
2023-04-30,0.8559266960685789,4534846.855163055,5298172,4
2023-05-01,0.5912997806721538,3132807.9415633464,5298172,4
2023-05-02,0.5393332128961649,2857480.1272365,5298172,4
2023-05-03,0.6107706764837285,3235968.096567149,5298172,4
2023-05-04,0.4971469406631885,2633970.000907367,5298172,4
2023-05-05,0.3548249093732868,1879923.3997440853,5298172,4
2023-05-06,0.3791014654665037,2008544.7694935969,5298172,4
2023-05-07,0.3920358761494419,2077073.502010441,5298172,4
2023-05-08,0.3811416996195327,2019354.2809566192,5298172,4
2023-05-09,0.4294847977015194,2275484.3296078546,5298172,4
2023-05-10,0.6005563386046949,3181850.7776179137,5298172,4
2023-05-11,0.5127025343655218,2716386.2119044457,5298172,4
2023-05-12,0.5503579646000375,2915891.15802091,5298172,4
2023-05-13,0.818424493965185,4336153.738040512,5298172,4
2023-05-14,0.7998451977498487,4237717.431052712,5298172,4
2023-05-15,0.9214685786799648,4882099.022441987,5298172,4
2023-05-16,0.8252518110943227,4372326.03848923,5298172,4
2023-05-17,0.7347208080550707,3892677.2130547496,5298172,4
2023-05-18,0.6970027197269053,3692840.293580937,5298172,4
2023-05-19,0.9298270232453985,4926383.499402119,5298172,4
2023-05-20,0.7437538255437595,3940535.693388831,5298172,4
2023-05-21,0.5818680941484154,3082837.2441104986,5298172,4
2023-05-22,0.7022921254366529,3720864.474808962,5298172,4
2023-05-23,0.4897182097101881,2594611.306576647,5298172,4
2023-05-24,0.7501954745582313,3974664.657831133,5298172,4
2023-05-25,0.8177946113142387,4332816.511415983,5298172,4
2023-05-26,1.0909402681344385,5779989.182302374,5298172,4
2023-05-27,0.8016786095957378,4247431.162359069,5298172,4
2023-05-28,0.3687361371353586,1953627.4771587169,5298172,4
2023-05-29,0.39088906172922,2070997.481960025,5298172,4
2023-05-30,0.4788024698931575,2536777.83951877,5298172,4
2023-05-31,0.4786303502742741,2535865.920173352,5298172,4
2023-06-01,0.4235430201194702,2244003.769992414,5298172,4
2023-06-02,0.5012180829780978,2655539.613128234,5298172,4
2023-06-03,0.6131043755874553,3248332.4358149394,5298172,4
2023-06-04,0.8731829697841161,4626273.56138705,5298172,4
2023-06-05,0.6319165043587311,3348002.3297313075,5298172,4
2023-06-06,0.4527902288076843,2398960.5121424664,5298172,4
2023-06-07,0.5725032632698565,3033220.759364982,5298172,4
2023-06-08,0.6095696423365656,3229604.8110776064,5298172,4
2023-06-09,0.765686754801914,4056740.125062366,5298172,4
2023-06-10,0.861719154846251,4565536.298070071,5298172,4
2023-06-11,1.074068337850265,5690598.793684812,5298172,4
2023-06-12,0.6104890646359564,3234476.0685604145,5298172,4
2023-06-13,0.4288697360364065,2272225.62711548,5298172,4
2023-06-14,0.5399550290243246,2860774.616035864,5298172,4
2023-06-15,0.6754964102209495,3578896.1667331485,5298172,4
2023-06-16,0.9073840096692688,4807476.55327745,5298172,4
2023-06-17,0.8176023935818629,4331798.108808406,5298172,4
2023-06-18,0.8983112436677739,4759407.478485777,5298172,4
2023-06-19,0.6803158363457082,3604430.315283414,5298172,4
2023-06-20,0.7954741553685881,4214558.896697504,5298172,4
2023-06-21,0.9574904284579556,5072948.978323943,5298172,4
2023-06-22,0.8199734295148756,4344360.264999688,5298172,4
2023-06-23,0.7212204363641905,3821149.921772536,5298172,4
2023-06-24,0.6560088599568836,3475647.773575482,5298172,4
2023-06-25,0.8156003525038378,4321190.950825963,5298172,4
2023-06-26,0.791762005753128,4194891.289545062,5298172,4
2023-06-27,0.916394077347492,4855213.441568317,5298172,4
2023-06-28,0.8294392548038614,4394511.835502684,5298172,4
2023-06-29,0.4375163988499998,2318037.1339279013,5298172,4
2023-06-30,0.5252295506401145,2782756.4987740363,5298172,4
2023-07-01,0.6681407221451529,3539924.466129229,5298172,4
2023-07-02,0.6637001629901821,3516397.61995002,5298172,4
2023-07-03,0.4175601668635025,2212305.5843915367,5298172,4
2023-07-04,0.4434376841169093,2349409.121733054,5298172,4
2023-07-05,0.5814278860285065,3080504.945775424,5298172,4
2023-07-06,0.7083962233592669,3753205.0355078136,5298172,4
2023-07-07,0.8198083423336961,4343485.604718803,5298172,4
2023-07-08,0.5111705435894933,2708269.461270633,5298172,4
2023-07-09,0.5922510818581931,3137848.0988707864,5298172,4
2023-07-10,0.5867547142214241,3108727.397755951,5298172,4
2023-07-11,0.5849570705101594,3099203.1721789525,5298172,4
2023-07-12,0.938155196727578,4970507.594956545,5298172,4
2023-07-13,0.7470274917270743,3957880.139898616,5298172,4
2023-07-14,0.6487602689760462,3437243.491801357,5298172,4
2023-07-15,0.4871699001366742,2581109.924146924,5298172,4
2023-07-16,0.6104449701767497,3234242.44853129,5298172,4
2023-07-17,0.6902339130019174,3656977.9913171935,5298172,4
2023-07-18,1.0273022216814651,5442823.866450531,5298172,4
2023-07-19,0.586737654432118,3108637.0120579232,5298172,4
2023-07-20,0.5367734995760098,2843918.325795627,5298172,4
2023-07-21,0.6579456756215467,3485909.3560991613,5298172,4
2023-07-22,0.8964297513883491,4749439.008772712,5298172,4
2023-07-23,0.9388178946900602,4974018.6827458255,5298172,4
2023-07-24,0.6386781918839081,3383826.913249949,5298172,4
2023-07-25,0.7088971859192787,3755859.221316317,5298172,4
2023-07-28,0.5793292557655313,3069386.0416777763,5298172,4
2023-07-29,0.779442410232559,4129619.9535066574,5298172,4
2023-07-30,0.7462954872623097,3954001.8543395256,5298172,4
2023-07-31,0.4690258884603071,2484979.8295155223,5298172,4
2023-08-01,0.5966767137788374,3161295.8579950505,5298172,4
2023-08-02,0.8053995911575503,4267145.562682381,5298172,4
2023-08-03,0.7670845224791696,4064145.738632506,5298172,4
2023-08-04,0.5925221577941452,3139284.305804522,5298172,4
2023-08-05,0.4185694657052003,2217653.0232542525,5298172,4
2023-08-06,0.5609512756763724,2972016.342152837,5298172,4
2023-08-07,0.8096463405328824,4289645.571313783,5298172,4
2023-08-08,0.8049212249873107,4264611.09643347,5298172,4
2023-08-09,0.9085109330333162,4813447.187090991,5298172,4
2023-08-10,0.8062555280684124,4271680.463657277,5298172,4
2023-08-11,0.7983311296417905,4229695.637796504,5298172,4
2023-08-12,0.297029720992816,1573714.5509319503,5298172,4
2023-08-13,0.2916639707477974,1545285.8832247993,5298172,4
2023-08-14,0.4840026374474394,2564329.221650175,5298172,4
2023-08-15,0.9002738724273452,4769805.823226132,5298172,4
2023-08-16,0.913587646034471,4840344.485765745,5298172,4
2023-08-17,0.9275567598643296,4914355.253523914,5298172,4
2023-08-18,1.1925296670283514,6318227.291018935,5298172,4
2023-08-19,1.086121126531756,5754456.541199006,5298172,4
2023-08-20,1.207724568981934,6398732.495092152,5298172,4
2023-08-21,0.7514475745906389,3981298.4991640346,5298172,4
2023-08-22,0.6857682395725895,3633318.085392785,5298172,4
2023-08-23,0.8178077264806807,4332885.997823601,5298172,4
2023-08-24,1.0645423627516992,5640128.539144896,5298172,4
2023-08-25,1.0735132898094468,5687658.053696296,5298172,4
2023-08-26,0.6067369349831966,3214596.640293793,5298172,4
2023-08-27,0.4784390754792663,2534852.513410135,5298172,4
2023-08-28,0.6141544334297467,3253895.8228733484,5298172,4
2023-08-29,0.8252050203709629,4372078.133188865,5298172,4
2023-08-30,0.7741746984770458,4101710.710579527,5298172,4
2023-08-31,0.5779612151801552,3062137.9273534734,5298172,4
2023-09-01,0.4759790108928933,2521818.6681004222,5298172,4
2023-09-02,0.5715017320180505,3027914.474529539,5298172,4
2023-09-03,0.4474539749576999,2370688.121409587,5298172,4
2023-09-04,0.4859191344586162,2574483.1524528754,5298172,4
2023-09-05,0.4172706542561365,2210771.6968015432,5298172,4
2023-09-06,0.4314079107422487,2285673.3132730816,5298172,4
2023-09-07,0.5878235664145949,3114390.360517947,5298172,4
2023-09-08,0.7259249799324077,3846075.402778444,5298172,4
2023-09-09,1.1700001913715077,6198862.253919163,5298172,4
2023-09-10,1.2809967326551843,6786941.021045184,5298172,4
2023-09-11,0.9965661385618356,5279978.811476438,5298172,4
2023-09-12,0.7055060942968626,3737892.634632997,5298172,4
2023-09-13,0.5899366029074627,3125585.591299438,5298172,4
2023-09-14,0.5419869959433856,2871540.32627136,5298172,4
2023-09-15,1.247197129198672,6607864.908400787,5298172,4
2023-09-16,1.1686869500176509,6191904.475348918,5298172,4
2023-09-17,0.9196254657736446,4872333.893248882,5298172,4
2023-09-18,0.9052088753937948,4795952.317762893,5298172,4
2023-09-19,0.7392680162211651,3916769.104038523,5298172,4
2023-09-20,0.9674261452038287,5125590.11458686,5298172,4
2023-09-21,1.2959934666595745,6866396.297238691,5298172,4
2023-09-22,0.9754301707898604,5167996.818834056,5298172,4
2023-09-23,0.8186199653528674,4337189.379073532,5298172,4
2023-09-24,1.02619622708323,5436964.116838011,5298172,4
2023-09-25,0.8592616896283901,4552516.224661827,5298172,4
2023-09-26,0.7536133702436,3992773.257050275,5298172,4
2023-09-27,0.4757168134407625,2520429.500901072,5298172,4
2023-09-28,0.5162949313400926,2735419.348968001,5298172,4
2023-09-29,0.7330900515919914,3884037.184823244,5298172,4
2023-09-30,0.4225779034188233,2238890.415712314,5298172,4
2023-10-01,0.5481357126806008,2904117.285124404,5298172,4
2023-10-02,0.5188230293352666,2748813.646979288,5298172,4
2023-10-03,0.6814945787017086,3610675.4950291887,5298172,4
2023-10-04,0.8420060324577395,4461092.784998687,5298172,4
2023-10-05,0.7603491737325141,4028460.702492742,5298172,4
2023-10-06,1.4159401983495217,7501894.712569882,5298172,4
2023-10-07,1.1982563864859133,6348568.435700844,5298172,4
2023-10-08,0.458344885531228,2428390.0388647574,5298172,4
2023-10-09,0.5374379084137471,2847438.47809628,5298172,4
2023-10-10,0.795786205491077,4216212.191919071,5298172,4
2023-10-11,1.3079844393971447,6929926.533249649,5298172,4
2023-10-12,0.9838352847135236,5212528.558081219,5298172,4
2023-10-13,0.495614116693365,2625848.835869519,5298172,4
2023-10-14,0.8100588543243804,4291831.140333511,5298172,4
2023-10-15,1.0133883189094297,5369105.616373011,5298172,4
2023-10-16,0.9311611344174134,4933451.849858576,5298172,4
2023-10-17,1.537983580440827,8148501.542351338,5298172,4
2023-10-18,0.843783540396116,4470510.327787571,5298172,4
2023-10-19,0.8613304262217594,4563476.746956191,5298172,4
2023-10-20,0.5996943161661116,3177283.6344704395,5298172,4
2023-10-21,0.5816847276211524,3081865.7367100166,5298172,4
2023-10-22,1.2138403511418598,6431134.96088997,5298172,4
2023-10-23,0.7571415768551077,4011466.30252958,5298172,4
2023-10-24,0.4502816632519075,2385669.700354685,5298172,4
2023-10-25,0.5896197250849671,3123906.71809287,5298172,4
2023-10-26,0.4114953169123654,2180172.966196221,5298172,4
2023-10-27,0.4129538394613126,2187900.4695264217,5298172,4
2023-10-28,0.3996911916263709,2117632.680121473,5298172,4
2023-10-29,0.4709875657379587,2495373.133141012,5298172,4
2023-10-30,0.4145091807676462,2196140.935286082,5298172,4
2023-10-31,0.4711898595288036,2496444.9204394403,5298172,4
2023-11-03,0.7823601814136393,4145078.807080664,5298172,4
2023-11-04,0.4650261019577598,2463788.2726617483,5298172,4
2023-11-05,0.792724277608405,4199989.571345079,5298172,4
2023-11-06,0.9951378259109606,5272411.365382326,5298172,4
2023-11-07,1.2728449722438249,6743751.59228301,5298172,4
2023-11-08,0.5431831657713576,2877877.839761165,5298172,4
2023-11-09,0.4286587991050663,2271108.046972088,5298172,4
2023-11-10,0.567402068407171,3006193.7515769578,5298172,4
2023-11-11,0.7235222226885288,3833345.181626128,5298172,4
2023-11-12,0.9339395612483412,4948172.433098247,5298172,4
2023-11-13,1.0089058089092375,5345356.507400273,5298172,4
2023-11-14,1.0093984905377993,5347966.819409633,5298172,4
2023-11-15,0.9205255147542764,4877102.507556694,5298172,4
2023-11-16,0.9491387835974964,5028700.527370314,5298172,4
2023-11-17,0.8045409067827409,4262596.105170928,5298172,4
2023-11-18,0.8557049444163359,4533671.976768187,5298172,4
2023-11-19,0.6273553017569976,3323836.293820476,5298172,4
2023-11-20,0.6110283711916425,3237333.407453168,5298172,4
2023-11-21,0.6632167322066239,3513836.320508633,5298172,4
2023-11-22,0.6927387696796327,3670249.152831079,5298172,4
2023-11-23,0.6369885410650448,3374874.85259167,5298172,4
2023-11-24,0.4416741246191486,2340065.480181684,5298172,4
2023-11-25,0.478083971105363,2532971.1093592434,5298172,4
2023-11-26,0.586247641931864,3106040.841549428,5298172,4
2023-11-27,0.5298476718415412,2807224.099216042,5298172,4
2023-11-28,0.5734721377931997,3038354.0232360726,5298172,4
2023-11-29,0.593782878992957,3145963.823559873,5298172,4
2023-11-30,0.6021032747049534,3190046.711150092,5298172,4
2023-12-01,0.4502427338976193,2385463.445939817,5298172,4
2023-12-02,0.5136501674245869,2721406.9348442582,5298172,4
2023-12-03,0.4911818651262769,2602366.0047198166,5298172,4
2023-12-04,0.4891703096381317,2591708.43775608,5298172,4
2023-12-05,0.587938330981009,3114998.4029303147,5298172,4
2023-12-06,0.5889812786404306,3120524.119016927,5298172,4
2023-12-07,0.6459344591796795,3422271.865460921,5298172,4
2023-12-08,0.6949081867534185,3681743.097627733,5298172,4
2023-12-09,0.5597660263941975,2965736.687592998,5298172,4
2023-12-10,0.698231568939229,3699350.948069893,5298172,4
2023-12-11,0.4546989402501024,2409073.193662765,5298172,4
2023-12-12,0.5527920286524326,2928787.248029516,5298172,4
2023-12-13,0.5208946144266312,2759789.2611059733,5298172,4
2023-12-14,0.568239241454865,3010629.2383774053,5298172,4
2023-12-15,0.4491411752686216,2379627.198855304,5298172,4
2023-12-16,0.5276547712043326,2795605.734461201,5298172,4
2023-12-17,0.555920472201418,2945362.280044331,5298172,4
2023-12-18,0.7284181725136856,3859284.7659031786,5298172,4
2023-12-19,0.5069068132305867,2685679.484467524,5298172,4
2023-12-20,0.5730790791100144,3036271.5307264635,5298172,4
2023-12-21,0.5513769460061143,2921289.896775107,5298172,4
2023-12-22,0.4992959916666787,2645356.0427606306,5298172,4
2023-12-23,0.4453191693379343,2359377.554049502,5298172,4
2023-12-24,0.6220467760608338,3295710.81161578,5298172,4
2023-12-25,0.6232567236768493,3302121.32219642,5298172,4
2023-12-26,0.3748355389995729,1985943.1573324453,5298172,4
2023-12-27,0.4080087597963857,2161700.5869079367,5298172,4
2023-12-28,0.4877460234055779,2584162.324318778,5298172,4
2023-12-29,0.4566097865234123,2419197.18588432,5298172,4
2023-12-30,0.374471039358282,1984011.975538948,5298172,4
2023-12-31,0.3650100852067129,1933886.2131598203,5298172,4
2024-01-01,0.527725188349262,2795978.816606786,5298172,4
2024-01-02,0.5050223898400253,2675695.4852235066,5298172,4
2024-01-03,0.4596272483208375,2435184.217490508,5298172,4
2024-01-04,0.4954674657821206,2625071.8541177893,5298172,4
2024-01-05,0.8052127483993823,4266155.637612652,5298172,4
2024-01-06,0.9550453581122674,5059994.575080388,5298172,4
2024-01-07,0.8750243040479285,4636029.267026221,5298172,4
2024-01-08,0.7805479205546421,4135477.137340829,5298172,4
2024-01-09,0.8696866449862395,4607749.431240034,5298172,4
2024-01-10,0.7334366874694501,3885873.721323392,5298172,4
2024-01-11,0.8293975145219805,4394290.688309951,5298172,4
2024-01-12,0.4623794829850517,2449766.030125878,5298172,4
2024-01-13,0.5568717208290411,2950402.158888242,5298172,4
2024-01-14,0.5407996833225086,2865249.739788182,5298172,4
2024-01-15,0.5470067569191245,2898135.883319712,5298172,4
2024-01-16,0.932181286068014,4938856.788769542,5298172,4
2024-01-17,0.7194126079064438,3811571.7356568994,5298172,4
2024-01-18,0.4035995232411504,2138339.693249612,5298172,4
2024-01-19,0.4272180982855704,2263474.9662298574,5298172,4
2024-01-20,0.386288833502782,2046624.6815771016,5298172,4
2024-01-21,0.4905624926870037,2599084.463004488,5298172,4
2024-01-22,0.457641210051023,2424661.8451384488,5298172,4
2024-01-23,0.3825239005682482,2026677.419321477,5298172,4
2024-01-24,0.4704589619035991,2492572.4991067154,5298172,4
2024-01-25,0.5151721451467682,2729470.6345965434,5298172,4
2024-01-26,0.6332560582320671,3355099.516555508,5298172,4
2024-01-27,0.5758857291346658,3051141.6453008708,5298172,4
2024-01-28,0.4577823263612677,2425409.5036221305,5298172,4
2024-01-29,0.4701914885388812,2491155.3792150216,5298172,4
2024-01-30,0.4726695394238085,2504284.519028119,5298172,4
2024-02-01,0.7138917716703708,3782321.395694352,5298172,4
2024-02-02,0.4261039019669367,2257571.7624919694,5298172,4
2024-02-03,0.9448993185075109,5006239.112135575,5298172,4
2024-02-04,0.910782135259572,4825480.4071324775,5298172,4
2024-02-05,0.7868347583422747,4168785.885275806,5298172,4
2024-02-06,0.7877556038170661,4173664.682986673,5298172,4
2024-02-07,0.5699481545406011,3019683.353838686,5298172,4
2024-02-08,0.4696220141137627,2488138.2057611425,5298172,4
2024-02-09,0.6464153191978688,3424819.544545211,5298172,4
2024-02-10,0.6045350588253965,3202930.7216870687,5298172,4
2024-02-11,0.4383822940349123,2322624.7955515394,5298172,4
2024-02-12,0.3551393874051406,1881589.558447069,5298172,4
2024-02-13,0.3502889840112912,1855891.2869970712,5298172,4
2024-02-14,0.3567277751898097,1890005.1101329443,5298172,4
2024-02-15,0.4439434638803898,2352088.829914093,5298172,4
2024-02-16,0.394081398007801,2087911.0286457872,5298172,4
2024-02-17,0.4221745887309759,2236753.585125972,5298172,4
2024-02-18,0.4754362378508778,2518942.963166861,5298172,4
2024-02-19,0.3515586362525712,1862618.1229515576,5298172,4
2024-02-20,0.3792903487445171,2009545.505588436,5298172,4
2024-02-21,0.384495105920079,2037121.2043227968,5298172,4
2024-02-22,0.4491873406306591,2379871.7908838205,5298172,4
2024-02-23,0.5198842626229553,2754436.243469588,5298172,4
2024-02-24,0.3702735828113239,1961773.1287906368,5298172,4
2024-02-25,0.3680097373912525,1949778.8863736868,5298172,4
2024-02-26,0.4908657128218311,2600690.975432667,5298172,4
2024-02-27,0.5119465697811697,2712380.981510639,5298172,4
2024-02-28,0.3604708489509172,1909836.5587279792,5298172,4
2024-02-29,0.3827670095426678,2027965.452482696,5298172,4
2024-03-01,0.4714735187612024,2497947.7958420776,5298172,4
2024-03-02,0.4229774046785705,2241007.042100671,5298172,4
2024-03-03,0.4893205941618432,2592504.671011641,5298172,4
2024-03-04,0.4169990281928871,2209332.5751987654,5298172,4
2024-03-05,0.3875797778639321,2053464.3268449053,5298172,4
2024-03-06,0.3679897019255945,1949672.7350305312,5298172,4
2024-03-07,0.3929941455497621,2082150.5781156744,5298172,4
2024-03-08,0.4613810932737403,2444476.3897123192,5298172,4
2024-03-09,0.5267127675381413,2790614.837013089,5298172,4
2024-03-10,0.4855993663669282,2572788.966103001,5298172,4
2024-03-11,0.3606056695114779,1910550.8612469656,5298172,4
2024-03-12,0.4179774769045618,2214516.564766396,5298172,4
2024-03-13,0.3783324520520368,2004470.4041534443,5298172,4
2024-03-14,0.5121266651484103,2713335.157742684,5298172,4
2024-03-15,0.6507943658940696,3448020.4871377144,5298172,4
2024-03-16,0.4319221212538363,2288397.6890076804,5298172,4
2024-03-17,0.538557843870004,2853372.088772428,5298172,4
2024-03-18,0.4243443897525584,2248249.564144092,5298172,4
2024-03-19,0.5178377173254617,2743593.294477676,5298172,4
2024-03-20,0.4370378815691431,2315501.86706895,5298172,4
2024-03-21,0.4334555590884447,2296522.106406743,5298172,4
2024-03-22,0.3439839818467106,1822486.3010687504,5298172,4
2024-03-23,0.5233213409244981,2772646.47548863,5298172,4
2024-03-24,0.7549146264137503,3999667.536055792,5298172,4
2024-03-25,0.3364126596786457,1782372.1339549297,5298172,4
2024-03-26,0.5755007663745841,3049102.0463843634,5298172,4
2024-03-27,0.6408379310874968,3395269.583025705,5298172,4
2024-03-28,0.5103125235534628,2703723.523540297,5298172,4
2024-03-29,0.3850856356223953,2040249.9322567773,5298172,4
2024-03-30,0.5818927967600018,3082968.1227955325,5298172,4
2024-03-31,0.4395864856686196,2329004.809947882,5298172,4
2024-04-01,0.6612781859716941,3503565.5691260225,5298172,4
2024-04-02,0.4418089314183095,2340779.709790408,5298172,4
2024-04-03,0.696663545869446,3691043.292146215,5298172,4
2024-04-04,0.8713115185853613,4616358.291046441,5298172,4
2024-04-05,0.7306957084284703,3871351.542915885,5298172,4
2024-04-06,0.5039855319647176,2670202.033860572,5298172,4
2024-04-07,0.4486777822008638,2377172.062678715,5298172,4
2024-04-08,0.4110084237097973,2177593.322263384,5298172,4
2024-04-09,0.5686899483262104,3013017.160903375,5298172,4
2024-04-10,0.8309423057024812,4402475.257688326,5298172,4
2024-04-11,0.596699354631666,3161415.813127564,5298172,4
2024-04-12,0.4027449076194243,2133811.7926918203,5298172,4
2024-04-13,0.4716567868979146,2498918.781952498,5298172,4
2024-04-14,0.4496842010845196,2382504.243028372,5298172,4
2024-04-15,0.7573492279406551,4012566.473696796,5298172,4
2024-04-16,0.7953881523161498,4214103.23773316,5298172,4
2024-04-17,0.4932612780516215,2613383.092057316,5298172,4
2024-04-18,0.5375059522460893,2847798.986023568,5298172,4
2024-04-19,0.6736174002224016,3568940.8485711217,5298172,4
2024-04-20,0.7248020712310969,3840126.039338603,5298172,4
2024-04-21,0.7754141556012912,4108275.2413679375,5298169,4
2024-04-22,0.5993570176229314,3175496.568773322,5298172,4
2024-04-23,0.6312924918765762,3344696.204270704,5298172,4
2024-04-24,0.9632161302303488,5088950.148684699,5283290,4
2024-04-26,0.7473949277243082,3959826.879010953,5298172,4
2024-04-27,0.5507795149515553,2918124.604289912,5298172,4
2024-04-28,0.5239734659705813,2776101.5461482867,5298172,4
2024-04-29,0.7168423438144674,3797954.0344121847,5298172,4
2024-04-30,0.7336164187452079,3886825.968536136,5298172,4
2024-05-01,0.8754197446056903,4638124.37911702,5298172,4
2024-05-02,0.7549565449622982,3999889.6277359896,5298172,4
2024-05-03,0.5598038280935594,2965936.96749811,5298172,4
2024-05-04,0.4370895871876888,2315775.812329372,5298172,4
2024-05-05,0.6149653702930977,3258192.305856522,5298172,4
2024-05-06,0.7831128202776892,4149066.417236285,5298172,4
2024-05-07,0.8832338526888103,4679524.867767979,5298172,4
2024-05-08,0.6596883524599702,3495142.357729545,5298172,4
2024-05-09,0.6145517868358984,3256001.0695639253,5298172,4
2024-05-10,0.6344529909738363,3361441.0720938323,5298172,4
2024-05-11,0.7459365651787833,3952100.223406404,5298172,4
2024-05-12,0.8636228051436605,4575622.164773598,5298172,4
2024-05-13,0.4123665234531871,2184788.7682970194,5298172,4
2024-05-14,0.3991756124514827,2114901.052973297,5298172,4
2024-05-15,0.4034405005292205,2137497.163569901,5298172,4
2024-05-16,0.5121345299922397,2713376.827038045,5298172,4
2024-05-17,0.7479898230774368,3962978.736913829,5298172,4
2024-05-18,0.3863612605570401,2047008.4125680143,5298172,4
2024-05-19,0.4043580428529652,2142358.4606183805,5298172,4
2024-05-20,0.2973307008888449,1575309.1941896535,5298172,4
2024-05-21,0.6788693001610396,3596766.3177728155,5298172,4
2024-05-22,0.6520996866835022,3454936.301195304,5298172,4
2024-05-23,0.6716446059453688,3558488.6451707864,5298172,4
2024-05-24,0.3567538933028596,1890143.488388199,5298172,4
2024-05-25,0.3803006755750088,2014898.390912596,5298172,4
2024-05-26,0.4037497203072384,2139135.463139642,5298172,4
2024-05-27,0.4916390067328499,2604788.019579797,5298172,4
2024-05-28,0.415419084076746,2200961.7595210616,5298172,4
2024-05-29,0.5751068914722892,3047015.2294055214,5298172,4
2024-06-04,0.4366850162017963,2313632.325659904,5298172,4
2024-06-05,0.6002240519196629,3180090.2656073044,5298172,4
2024-06-06,0.7616789999707061,4035506.350632796,5298172,4
2024-06-07,0.710839500281622,3766149.936886082,5298172,4
2024-06-08,0.8130253638775862,4307548.218186039,5298172,4
2024-06-09,0.7151056542652786,3788752.75446998,5298172,4
2024-06-10,0.5973502673701685,3164864.46077314,5298172,4
2024-06-11,0.5243821564778122,2778266.858750363,5298172,4
2024-06-12,0.7731326532931739,4096189.775963602,5298172,4
2024-06-13,0.8287990079193621,4391119.697386143,5298172,4
2024-06-14,0.6705167528051668,3552513.085243256,5298172,4
2024-06-15,0.5111951646883864,2708399.908087398,5298172,4
2024-06-16,0.5051469582897383,2676355.4702958595,5298172,4
2024-06-17,0.5968690388896442,3162314.829512024,5298172,4
2024-06-18,0.594181298232366,3148074.717218371,5298172,4
2024-06-19,0.513703658062915,2721690.3374465103,5298172,4
2024-06-20,0.3146479364254273,1667058.886626979,5298172,4
2024-06-21,0.3937927717903405,2086381.837301972,5298172,4
2024-06-22,0.7356687680137961,3897699.66796519,5298172,4
2024-06-23,0.6184154801569564,3276471.581334142,5298172,4
2024-06-24,0.3575314426056922,1894263.0783330856,5298172,4
2024-06-25,0.3741557493138826,1982341.514653832,5298172,4
2024-06-26,0.3865293674542592,2047899.0718238675,5298172,4
2024-06-27,0.5239445058253941,2775948.11031794,5298172,4
2024-06-28,0.7439979145624757,3941828.9189933008,5298172,4
2024-06-29,0.7921708135720587,4197057.223684701,5298172,4
2024-06-30,0.3940194038365544,2087582.5728635248,5298172,4
2024-07-01,0.4688347901128212,2483967.3576016263,5298172,4
2024-07-02,0.5697778358169694,3018780.975946064,5298172,4
2024-07-03,0.5546424845449505,2938591.281626489,5298172,4
2024-07-04,0.7164047040787991,3795635.3438185793,5298172,4
2024-07-05,0.5516041483397325,2922493.653817417,5298172,4
2024-07-06,0.5012328908997038,2655618.0680438653,5298172,4
2024-07-07,0.3124084726540341,1655193.8223783693,5298172,4
2024-07-08,0.4753029572060403,2518236.819386241,5298172,4
2024-07-09,0.5686863359911838,3012998.022131082,5298172,4
2024-07-17,0.382766634610479,2027963.4660274708,5298172,4
2024-07-18,0.5959294834179272,3157336.903019326,5298172,4
2024-07-19,0.6629216861143337,3512273.115563751,5298172,4
2024-07-20,0.6610841878289343,3502537.7335980004,5298172,4
2024-07-21,0.5131811155334333,2718921.817248001,5298172,4
2024-07-22,0.501277052403708,2655852.0432878584,5298172,4
2024-07-23,0.5022657897823032,2661090.543982485,5298172,4
2024-07-30,0.6222401438087224,3296735.3072033464,5298172,4
2024-07-31,0.9114779739382683,4829167.080136463,5298172,4
2024-08-01,0.8153192692691978,4319701.723502524,5298172,4
2024-08-02,0.7991635507727886,4234105.948124967,5298172,4
2024-08-03,0.8200239378782581,4344627.866996327,5298172,4
2024-08-04,0.8888388109639989,4709220.900762752,5298172,4
2024-08-05,0.8064098290748323,4272497.976929062,5298172,4
2024-08-06,0.69696726245375,3692652.4348491095,5298172,4
2024-08-07,0.5917176628164017,3135021.9530393006,5298172,4
2024-08-08,0.5633106647517689,2984516.7912892094,5298172,4
2024-08-09,0.4583829767112087,2428591.852487978,5298172,4
2024-08-10,0.5383752711542892,2852404.7871220624,5298172,4
2024-08-11,0.966022216283252,5118151.85768987,5298172,4
2024-08-12,0.4473237500280193,2369998.167333451,5298172,4
2024-08-13,0.6866860151709567,3638180.618370338,5298172,4
2024-08-14,1.0204472748282711,5406505.178971451,5298172,4
2024-08-15,0.8231460603114625,4361169.408652502,5298172,4
2024-08-16,0.7183235694899972,3805801.822811957,5298172,4
2024-08-17,0.6586166280371453,3489464.177400818,5298172,4
2024-08-18,0.8796270870333077,4660415.602961434,5298172,4
2024-08-19,1.3471299687740577,7137326.280919586,5298172,4
2024-08-20,0.9554822129266596,5062309.107026067,5298172,4
2024-08-21,1.1225627198200272,5947530.370394314,5298172,4
2024-08-22,0.8126250324467265,4305427.193408337,5298172,4
2024-08-23,0.5375057568301213,2847797.950676157,5298172,4
2024-08-24,0.5350091486850521,2834570.49130698,5298172,4
2024-08-25,0.7183962768951595,3806187.0391501808,5298172,4
2024-08-26,0.6158027657077755,3262628.9707954964,5298172,4
2024-08-27,1.0475149489972602,5549914.372358712,5298172,4
2024-08-28,1.017572190999681,5391272.490333163,5298172,4
2024-08-29,0.9056001769768698,4798025.500853896,5298172,4
2024-08-30,0.9457035393026192,5010500.012234036,5298172,4
2024-08-31,1.1205565208396726,5936901.18313017,5298172,4
2024-09-01,0.8083139108141707,4282586.129486136,5298172,4
2024-09-02,0.942063090672826,4991212.289236227,5298172,4
2024-09-03,0.9162815006451608,4854616.990836172,5298172,4
2024-09-04,1.0692951554573966,5665309.652380026,5298172,4
2024-09-05,0.8513463811821963,4510579.559080839,5298172,4
2024-09-06,0.8270447947103908,4381825.574080341,5298172,4
2024-09-07,0.8865773188657377,4697239.126649523,5298172,4
2024-09-08,0.9613842062749663,5093578.882928251,5298172,4
2024-09-09,0.8431467169079431,4467136.327413591,5298172,4
2024-09-10,0.8677333472209326,4597400.523712223,5298172,4
2024-09-11,1.123622566039279,5953145.617957459,5298172,4
2024-09-12,1.1405783356729235,6042980.201868885,5298172,4
2024-09-13,0.7176097183151621,3802019.716505279,5298172,4
2024-09-14,0.4524769815644531,2397300.874369302,5298172,4
2024-09-15,0.3926363995450934,2080255.178250627,5298172,4
2024-09-16,0.6437111398468364,3410492.3372245925,5298172,4
2024-09-17,0.600086358550038,3179360.742451772,5298172,4
2024-09-18,0.492448792605097,2609078.404414132,5298172,4
2024-09-19,0.8045243887293666,4262508.589683046,5298172,4
2024-09-20,0.817831196495012,4333010.345996371,5298172,4
2024-09-21,0.7605220654889266,4029376.712755597,5298172,4
2024-09-22,0.9780793187340852,5182032.460296006,5298172,4
2024-09-23,1.0339300854826246,5477939.428861648,5298172,4
2024-09-24,0.8339808881354186,4418574.190054207,5298172,4
2024-09-25,0.9085319580427292,4813558.581207163,5298172,4
2024-09-28,1.3231848207004795,7010460.767860302,5298172,4
2024-09-29,0.988469061616746,5237079.105124119,5298172,4
2024-09-30,0.7982270458285603,4229144.183851595,5298172,4
2024-10-01,0.4994563646799316,2646205.7265690025,5298172,4
2024-10-02,0.9568546894650825,5069580.723792595,5298172,4
2024-10-03,0.8588605443415268,4550390.887935036,5298172,4
2024-10-04,0.6755582171489726,3579223.6304686065,5298172,4
2024-10-05,0.881715019400927,4671477.827769448,5298172,4
2024-10-06,0.938829357994365,4974079.4173037205,5298172,4
2024-10-07,0.8184229997107577,4336145.821223545,5298172,4
2024-10-08,0.558732917522414,2960263.0990955634,5298172,4
2024-10-09,0.775977322760763,4111261.3240860375,5298172,4
2024-10-10,0.4326165483241334,2292076.8830675706,5298172,4
2024-10-11,0.6855626650444896,3632228.916184094,5298172,4
2024-10-12,0.7098471700081187,3760892.400416254,5298172,4
2024-10-13,0.8018919625836101,4248561.54318553,5298172,4
2024-10-14,0.4643826175718172,2460378.9817057103,5298172,4
2024-10-15,0.5690000070841573,3014659.905533084,5298172,4
2024-10-16,0.504053128781621,2670560.1734231785,5298172,4
2024-10-17,0.5264568552061897,2789258.9694614885,5298172,4
2024-10-18,0.9349196608829052,4953365.169539304,5298172,4
2024-10-19,0.5911015601495815,3131757.7351408284,5298172,4
2024-10-20,0.5734746291237255,3038367.222733707,5298172,4
2024-10-21,0.5253688612705716,2783494.590455627,5298172,4
2024-10-22,0.5296522436138748,2806188.68685221,5298172,4
2024-10-23,0.4887304781507343,2589378.1348848324,5298172,4
2024-10-24,0.8143468953407046,4314549.919181052,5298172,4
2024-10-25,0.8286410780399709,4390282.957721189,5298172,4
2024-10-26,0.482851901025335,2558232.422159201,5298172,4
2024-10-27,0.4854637890917047,2572070.654379575,5298172,4
2024-10-28,0.5135128004075896,2720679.14076108,5298172,4
2024-10-29,0.6923512347799168,3668195.926276381,5298172,4
2024-10-30,0.6443229632791203,3413733.883002464,5298172,4
2024-10-31,1.0771509864707622,5706931.196291771,5298172,4
2024-11-01,0.5645271956955159,2990962.181472502,5298172,4
2024-11-02,0.6313949447847242,3345239.0173999723,5298172,4
2024-11-07,0.4239073894433215,2245934.2613417017,5298172,4
2024-11-08,0.4494885411129753,2381467.602845615,5298172,4
2024-11-09,0.7870197274615696,4169765.883484519,5298172,4
2024-11-10,0.97908715112886,5187372.129670695,5298172,4
2024-11-11,0.6939260872596298,3676539.765588528,5298172,4
2024-11-12,0.4013228026773892,2126277.2361068684,5298172,4
2024-11-13,0.355928438358966,1885770.0861172,5298172,4
2024-11-14,0.6225444111905565,3298347.3681262927,5298172,4
2024-11-15,0.4416759571460538,2340075.189224422,5298172,4
2024-11-16,0.4564026781832808,2418099.8902756693,5298172,4
2024-11-17,0.3793622768105704,2009926.5928540137,5298172,4
2024-11-18,0.3336056670225938,1767500.20406043,5298172,4
2024-11-19,0.3016950454718732,1598432.2424578057,5298172,4
2024-11-20,0.3268076461794412,1731483.1203738225,5298172,4
2024-11-21,0.3402804376936961,1802864.2871364856,5298172,4
2024-11-22,0.3267565553189228,1731212.4322071678,5298172,4
2024-11-23,0.343316661552456,1818950.7233706987,5298172,4
2024-11-24,0.3835562892230872,2032147.1919856623,5298172,4
2024-11-25,0.7414291704641606,3928219.2709364425,5298172,4
2024-11-26,0.5953408486987813,3154218.21503212,5298172,4
2024-11-27,0.3556178155472904,1884124.353033819,5298172,4
2024-11-28,0.543592721773785,2880047.7379056583,5298172,4
2024-11-29,0.3956117298626049,2096018.990029617,5298172,4
2024-11-30,0.462496402537183,2450385.490023232,5298172,4
2024-12-01,0.3273917346119568,1734577.7213525008,5298172,4
2024-12-02,0.4129600033863911,2187933.1270616828,5298172,4
2024-12-03,0.342339033184978,1813771.0801277207,5298172,4
2024-12-04,0.4150267139272796,2198882.914981523,5298172,4
2024-12-05,0.5280165857234659,2797522.6900156667,5298172,4
2024-12-06,0.5273591417904383,2794039.43897813,5298172,4
2024-12-07,0.4038271911367809,2139545.916919541,5298172,4
2024-12-08,0.3668424811264019,1943594.561914431,5298172,4
2024-12-09,0.3440903457866803,1823049.835517308,5298172,4
2024-12-10,0.7309330838760897,3872609.19886595,5298172,4
2024-12-11,0.4862882536611219,2576438.8094762536,5298172,4
2024-12-12,0.386782641761577,2049240.962667218,5298172,4
2024-12-13,0.3472622237998444,1839854.9907940696,5298172,4
2024-12-14,0.3399655315029887,1801195.859974253,5298172,4
2024-12-15,0.4305194367934342,2280966.025474743,5298172,4
2024-12-16,0.5017665900242753,2658445.6978020947,5298172,4
2024-12-17,0.5092020758897361,2697840.180820875,5298172,4
2024-12-18,0.3352346310625129,1776130.7357257365,5298172,4
2024-12-19,0.4072253310323538,2157549.8465663483,5298172,4
2024-12-20,0.3912251430626557,2072778.098670557,5298172,4
2024-12-21,0.5209962300816292,2760327.6383240456,5298172,4
2024-12-22,0.4748811959845863,2516002.255892048,5298172,4
2024-12-23,0.4496106306688588,2382114.454312089,5298172,4
2024-12-24,0.6560255119724464,3475735.9988180804,5298172,4
2024-12-25,0.4452346429673251,2358929.718799479,5298172,4
2024-12-26,0.635824274636477,3368706.3687992925,5298172,4
2024-12-27,0.8672056126344418,4594604.495102646,5298172,4
2024-12-28,0.5700900435784724,3020435.1063662423,5298172,4
2024-12-29,0.4148327015105654,2197855.003827635,5298172,4
2024-12-30,0.5136644768304587,2721482.748537785,5298172,4
2024-12-31,0.6041633379106517,3200961.280344753,5298172,4
2025-01-01,0.3956202867571307,2096064.3259286005,5298172,4
2025-01-02,0.3321002298046415,1759524.1387445172,5298172,4
2025-01-03,0.2542653994819837,1347141.8201042607,5298172,4
2025-01-04,0.2854335099284005,1512275.8301643734,5298172,4
2025-01-05,0.2953794083286478,1564970.9105834088,5298172,4
2025-01-06,0.2840665218427008,1505033.292164386,5298172,4
2025-01-07,0.2384739395396709,1263475.9491987776,5298172,4
2025-01-08,0.2660036409681092,1409333.042475289,5298172,4
2025-01-09,0.3802289784388276,2014518.5271532,5298172,4
2025-01-10,0.27061232188709,1433750.6266771676,5298172,4
2025-01-11,0.2816753726798867,1492364.5726221406,5298172,4
2025-01-12,0.2424021819308943,1284288.45304517,5298172,4
2025-01-13,0.2731087191681094,1446976.9688523407,5298172,4
2025-01-14,0.5106452510179251,2705486.3708761423,5298172,4
2025-01-15,0.4045181232731941,2143206.5942185856,5298172,4
2025-01-16,0.6145386591401769,3255931.516774029,5298172,4
2025-01-17,0.3828444148905997,2028375.5593297584,5298172,4
2025-01-18,0.2758547525015796,1461525.925770799,5298172,4
2025-01-19,0.3627724606502234,1922030.893388116,5298172,4
2025-01-20,0.245890288932899,1302769.0438961957,5298172,4
2025-01-21,0.3430231956048247,1817395.8903040048,5298172,4
2025-01-22,0.3498808102723983,1853728.712322533,5298172,4
2025-01-23,0.3555478038156298,1883753.4188374628,5298172,4
2025-01-24,0.4987581791357073,2642506.619467789,5298172,4
2025-01-25,0.4100666116888765,2172603.440184878,5298172,4
2025-01-26,0.3101786857805667,1643380.0279993964,5298172,4
2025-01-27,0.5785386336895837,3065197.1899324087,5298172,4
2025-01-28,0.3339721743848584,1769442.023104974,5298172,4
2025-01-29,0.2706342546295778,1433866.8301192997,5298172,4
2025-01-30,0.3386563101330402,1794259.37997019,5298172,4
2025-01-31,0.3784488754158752,2005087.2351598784,5298172,4
2025-02-01,0.6876874420143001,3643486.350031789,5298172,4
2025-02-02,0.7041615949989939,3730769.246099009,5298172,4
2025-02-03,0.7117073143367504,3770747.7650141697,5298172,4
2025-02-04,0.5595935118511184,2964822.675871264,5298172,4
2025-02-05,0.6825620796587119,3616331.298709557,5298172,4
2025-02-06,0.6435008858712663,3409378.3754983386,5298172,4
2025-02-07,0.4375549385615507,2318241.323948528,5298172,4
2025-02-08,0.3973360830844568,2105154.9099877425,5298172,4
2025-02-09,0.2912006408168786,1542831.0815580436,5298172,4
2025-02-10,0.2985335470216224,1581682.0798906432,5298172,4
2025-02-11,0.5680755446473066,3009761.9445351097,5298172,4
2025-02-12,0.5426168922206452,2874877.6250904407,5298172,4
2025-02-13,0.4668689005449021,2473551.7365377853,5298172,4
2025-02-14,0.4036015803622336,2138350.592230936,5298172,4
2025-02-15,0.2931442747515957,1553128.7884492113,5298172,4
2025-02-16,0.3691255652033626,1955690.7340446303,5298172,4
2025-02-17,0.3472849014166417,1839975.140708412,5298172,4
2025-02-18,0.279863647637753,1482765.7417322097,5298172,4
2025-02-19,0.2670936131872192,1415107.9027673558,5298172,4
2025-02-20,0.3816710103880276,2022158.660449557,5298172,4
2025-02-21,0.4613856559041008,2444500.563312741,5298172,4
2025-02-22,0.4800617147747847,2543449.5354917506,5298172,4
2025-02-23,0.5807766928056401,3077054.812075444,5298172,4
2025-02-24,0.7040691443161274,3730279.4264796656,5298172,4
2025-02-25,0.4952436556515464,2623886.0695506646,5298172,4
2025-02-26,0.5055610446041526,2678549.3708124724,5298172,4
2025-02-27,0.2899044677563253,1535963.7337414655,5298172,4
2025-02-28,0.3948013713233599,2091725.5711070283,5298172,4
2025-03-01,0.3781402311181571,2003451.9845837485,5298172,4
2025-03-02,0.3562794438442584,1887629.7735512224,5298172,4
2025-03-03,0.3381764097763945,1791716.7853378195,5298172,4
2025-03-04,0.2868109324210137,1519573.6514469068,5298172,4
2025-03-05,0.3755532051129274,1989745.4758395688,5298172,4
2025-03-06,0.4246848658691644,2250053.4651717623,5298172,4
2025-03-07,0.4394457134751087,2328258.974653844,5298172,4
2025-03-08,0.3920659451195925,2077232.8125861613,5298172,4
2025-03-09,0.2524096835685298,1337309.9180116449,5298172,4
2025-03-10,0.2753084045562263,1458631.280384471,5298172,4
2025-03-11,0.3068358005781986,1625668.847220996,5298172,4
2025-03-12,0.3177715669475405,1683608.4183975845,5298172,4
2025-03-13,0.2569826909331186,1361538.4975865032,5298172,4
2025-03-14,0.2521229284911895,1335790.6402900224,5298172,4
2025-03-15,0.3665774857595787,1942190.570881799,5298172,4
2025-03-16,0.5379736829338795,2850277.103657158,5298172,4
2025-03-17,0.450040759318414,2384393.34987956,5298172,4
2025-03-18,0.3215313860594625,1703528.5867414346,5298172,4
2025-03-19,0.3255389259243921,1724761.2222426888,5298172,4
2025-03-20,0.4402547583100063,2332545.433344843,5298172,4
2025-03-21,0.7978182541536072,4226978.335245525,5298172,4
2025-03-22,0.8358000794349904,4428212.578460242,5298172,4
2025-03-23,0.5839266451147288,3093743.801200793,5298172,4
2025-03-24,0.5634174453222834,2985082.533118053,5298172,4
2025-03-25,0.3393460113641282,1797913.5357211058,5298172,4
2025-03-26,0.378391249442221,2004781.922839791,5298172,4
2025-03-27,0.4650853386044936,2464102.118604847,5298172,4
2025-03-28,0.490619869281019,2599388.454068356,5298172,4
2025-03-29,0.5254391135021212,2783866.7988617606,5298172,4
2025-03-30,0.3286193289830358,1741081.727476709,5298172,4
2025-03-31,0.3785301843906525,2005518.024093392,5298172,4
2025-04-01,0.3052035723132132,1617021.0211298417,5298172,4
2025-04-02,0.5603898667070356,2969041.900870948,5298172,4
2025-04-03,0.7075119003968547,3748519.740349405,5298172,4
2025-04-04,0.3143876563932368,1665679.8782482685,5298172,4
2025-04-05,0.4493322089722276,2380639.328274805,5298172,4
2025-04-06,0.4356541937426628,2308170.850969952,5298172,4
2025-04-07,0.5925718667553295,3139547.672430817,5298172,4
2025-04-08,0.3833574548360367,2031093.7332035543,5298172,4
2025-04-09,0.2752785842827644,1458473.287446583,5298172,4
2025-04-10,0.4003232810897238,2120981.598817704,5298172,4
2025-04-11,0.4826899474620454,2557374.3643248803,5298172,4
2025-04-12,0.4838447259372284,2563492.579308297,5298172,4
2025-04-13,0.3430837459268886,1817716.696324956,5298172,4
2025-04-14,0.290653866673641,1539934.178102018,5298172,4
2025-04-15,0.3889739094423709,2060850.675738105,5298172,4
2025-04-16,0.4616585153065539,2445946.219358756,5298172,4
2025-04-17,0.5078543164431567,2690699.5194582725,5298172,4
2025-04-18,0.5850774831188651,3099841.138890844,5298172,4
2025-04-19,0.4295591239930693,2275878.123084608,5298172,4
2025-04-20,0.4508837830402635,2388859.834557999,5298172,4
2025-04-21,0.4372246125657443,2316491.200006675,5298172,4
2025-04-22,0.3062626746716188,1622632.3275902802,5298172,4
2025-04-23,0.3180225492198443,1684938.165645201,5298172,4
2025-04-24,0.5101965167228754,2703108.89939867,5298172,4
2025-04-25,0.6051770481223909,3206332.091404704,5298172,4
2025-04-26,0.5114768053833584,2709892.0889315587,5298172,4
2025-04-27,0.3812040305797201,2019684.521104617,5298172,4
2025-04-28,0.4032714616389456,2136601.566454536,5298172,4
2025-04-29,0.4331269855699726,2294781.267391233,5298172,4
2025-04-30,0.6378857483752294,3379628.4112406857,5298172,4
2025-05-01,0.6228660819707122,3300051.6352469325,5298172,4
2025-05-02,0.6497338136584936,3442401.4989786483,5298172,4
2025-05-03,0.4136374007236738,2191522.0946669485,5298172,4
2025-05-04,0.4240673322938197,2246781.666073812,5298172,4
2025-05-05,0.5117389237865358,2711280.8373159585,5298172,4
2025-05-06,0.4907553882907423,2600106.4570911387,5298172,4
2025-05-07,0.573766993472987,3039916.2193427626,5298172,4
2025-05-08,0.500290403553996,2650624.6079784823,5298172,4
2025-05-09,0.6148376484221558,3257515.61341611,5298172,4
2025-05-10,0.303260305051064,1606725.256933006,5298172,4
2025-05-11,0.5199584318155027,2754829.204608806,5298172,4
2025-05-12,0.4849349039105676,2569268.52972166,5298172,4
2025-05-13,0.6266665082848917,3320186.947532781,5298172,4
2025-05-14,0.5280256614520039,2797570.7747864868,5298172,4
2025-05-15,0.4901819875218537,2597068.481192635,5298172,4
2025-05-16,0.606901496917942,3215468.517728727,5298172,4
2025-05-17,0.4927024126395672,2610422.1269794013,5298172,4
2025-05-18,0.6016414567158294,3187599.92001102,5298172,4
2025-05-19,0.6756934284716829,3579940.003312673,5298172,4
2025-05-20,0.5143683472254614,2725211.9749562177,5298172,4
2025-05-21,0.479643914879539,2541235.9597851573,5298172,4
2025-05-22,0.662100064465636,3507920.0227500275,5298172,4
2025-05-23,0.4566830437185328,2419585.3151043067,5298172,4
2025-05-24,0.8043559037794096,4261615.927438762,5298172,4
2025-05-25,0.6309070529610661,3342654.0826008376,5298172,4
2025-05-26,0.3961023594990828,2098618.4302319745,5298172,4
2025-05-27,0.3583546438426495,1898624.5400770984,5298172,4
2025-05-28,0.3388268581605592,1795162.972754246,5298172,4
2025-05-29,0.4672123958180159,2475371.633575929,5298172,4
2025-05-30,0.774579816042129,4103857.0931195584,5298172,4
2025-05-31,0.6706674155641084,3553311.322454123,5298172,4
2025-06-01,0.3173958140628279,1681617.6149848811,5298172,4
2025-06-02,0.5724582523269908,3032982.283647797,5298172,4
2025-06-03,0.6509339368670166,3448759.958158595,5298172,4
2025-06-04,0.7974438251091085,4224994.545765976,5298172,4
2025-06-05,0.6963222236882141,3689234.908522632,5298172,4
2025-06-06,0.5013712449266733,2656351.0914756428,5298172,4
2025-06-07,0.4276587616878674,2265809.676729332,5298172,4
2025-06-08,0.4595500448135335,2434775.1800298085,5298172,4
2025-06-09,0.3497286398234257,1852922.4871105591,5298172,4
2025-06-10,0.3052346606324288,1617185.7323922366,5298172,4
2025-06-11,0.453468125914893,2402552.127614761,5298172,4
2025-06-12,0.3639052152598117,1791336.8866093876,4922537,3
2025-06-13,0.4108807699638047,2176916.990760671,5298172,4
2025-06-14,0.4365354309958255,2312839.797510015,5298172,4
2025-06-15,0.3011216113309659,1595394.0897486066,5298172,4
2025-06-16,0.3039684187349646,1610476.9650258648,5298172,4
2025-06-17,0.5266659776485083,2790366.9361299523,5298172,4
2025-06-18,0.6023132735975532,3191159.321402896,5298172,4
2025-06-19,0.5634201348006659,2985096.7824371136,5298172,4
2025-06-20,0.6010692472489304,3184568.2558353604,5298172,4
2025-06-21,0.6280939686364705,3327749.8779986263,5298172,4
2025-06-22,0.6193088009565316,3281204.548581469,5298172,4
2025-06-23,0.5551325511659035,2941187.738875757,5298172,4
2025-06-24,0.395385279130429,2094819.215101024,5298172,4
2025-06-25,0.634498480723711,3361682.084612905,5298172,4
2025-06-26,0.505184172511809,2676552.637645236,5298172,4
2025-06-27,0.492916103488022,2611554.297849341,5298172,4
2025-06-28,0.4594235732923771,2434105.1121576205,5298172,4
2025-06-29,0.5267010236135949,2790552.615680888,5298172,4
2025-06-30,0.4144632992209826,2195897.846960232,5298172,4
2025-07-01,0.388930554057785,2060620.9714534427,5298172,4
2025-07-02,0.4329219492281493,2293694.9495860026,5298172,4
2025-07-03,0.5779645306242277,2845051.786685394,4922537,3
2025-07-08,0.4842227151665386,2565495.23125933,5298172,4
2025-07-09,0.396769697963356,2102154.10419791,5298172,4
2025-07-10,0.4675509646551142,2477165.429508716,5298172,4
2025-07-11,0.5840390030595217,3094339.0929178726,5298172,4
2025-07-12,0.4717604309781919,2499467.906116589,5298172,4
2025-07-13,0.5291665816807991,2803615.566396923,5298172,4
2025-07-14,0.2470096449676334,1308699.584697456,5298172,4
2025-07-15,0.5182521160380297,2745788.85013344,5298172,4
2025-07-16,0.6432421550109161,3408007.574898496,5298172,4
2025-07-17,0.6633355468640906,3514465.8210000126,5298172,4
2025-07-18,0.569862019912562,3019226.9977641786,5298172,4
2025-07-19,0.4113800714300341,2179562.3758086064,5298172,4
2025-07-20,0.3857184749414693,2043602.8238175944,5298172,4
2025-07-21,0.6130708694739523,3248154.914662549,5298172,4
2025-07-22,0.68353012392566,3621460.1637394624,5298172,4
2025-07-23,0.7668845678814736,4063086.344781723,5298172,4
2025-07-24,0.875677827522562,4639491.746800867,5298172,4
2025-07-25,0.5477718509755445,2902189.483226802,5298172,4
2025-07-26,0.638385713486514,3382277.3123942707,5298172,4
2025-07-27,0.6007200015181327,3182717.891883328,5298172,4
2025-07-28,0.6634483808093605,3515063.6346494914,5298172,4
2025-07-29,0.4556625470137986,2414178.5480371914,5298172,4
2025-07-30,0.5940198500365175,3147219.336907676,5298172,4
2025-07-31,0.6549422157383534,3469996.509042904,5298172,4
2025-08-01,0.6860104075308868,3634601.132888733,5298172,4
2025-08-02,0.4821240555678753,2554376.171736161,5298172,4
2025-08-03,0.2163254651402739,1146129.522293175,5298172,4
2025-08-04,0.3482806316609739,1845250.6908084853,5298172,4
2025-08-05,0.3899966758580659,2066269.4681242807,5298172,4
2025-08-06,0.4647456983204283,2462302.64596174,5298172,4
2025-08-07,0.613457955824785,3250205.764728113,5298172,4
2025-08-08,0.4723281414690298,2502475.733943253,5298172,4
2025-08-10,0.4584651583460624,2429027.2649246743,5298172,4
2025-08-11,0.5323762399488482,2820620.887962269,5298172,4
2025-08-12,0.689392777412436,3652521.5102888006,5298172,4
2025-08-13,0.8821958640425434,4674025.42538601,5298172,4
2025-08-14,0.5143019828904605,2724860.365294717,5298172,4
2025-08-15,0.6654379995474491,3525604.976938308,5298172,4
2025-08-16,0.7049399608114728,3734893.1620524414,5298172,4
2025-08-17,0.8293839894780175,4394219.030300727,5298172,4
2025-08-18,0.78840182884666,4177088.494344166,5298172,4
2025-08-19,0.7233486255452433,3832425.4341022926,5298172,4
2025-08-20,0.6585676986115409,3489204.9408881045,5298172,4
2025-08-21,0.4843353525392175,2566092.003433411,5298172,4
2025-08-22,0.5635669200086969,2985874.475716317,5298172,4
2025-08-23,0.4307174146197156,2282014.946050568,5298172,4
2025-08-24,0.3298966547657763,1747849.2191737024,5298172,4
2025-08-25,0.3250202892264536,1722013.3958114982,5298172,4
2025-08-26,0.4655036882817875,2466318.6071512946,5298172,4
2025-08-27,0.6277655084847841,3326009.6396198454,5298172,4
2025-08-28,0.6072707865936837,3217425.0779486303,5298172,4
2025-08-29,0.942100501748058,4991410.499547511,5298172,4
2025-08-30,0.8228291564533364,4359490.397504686,5298172,4
2025-08-31,0.7255139935743755,3843897.926363936,5298172,4
2025-09-01,0.5387852754567161,2854577.06043706,5298172,4
2025-09-02,0.6321706191120084,3349348.673401908,5298172,4
2025-09-03,0.4043561876910776,2142348.631651612,5298172,4
2025-09-04,0.3564209978213749,1888379.7508692688,5298172,4
2025-09-05,0.3277737856849514,1736601.8936500105,5298172,4
2025-09-06,0.3485045809538207,1846437.2126812665,5298172,4
2025-09-07,0.4130991097062346,2188670.1362705003,5298172,4
2025-09-08,0.6446221336041222,3415318.9388416195,5298172,4
2025-09-09,0.8059357384413905,4269986.163209499,5298172,4
2025-09-10,0.4582655888893321,2427969.911616971,5298172,4
2025-09-11,0.4620829159173397,2448194.7667916035,5298172,4
2025-09-12,0.4974367301069733,2635505.355224323,5298172,4
2025-09-13,0.8005119039556763,4241249.755204653,5298172,4
2025-09-14,0.9776741619124808,5179885.869768172,5298172,4
2025-09-15,0.874807671795056,4634881.512089755,5298172,4
2025-09-16,0.5833743416129328,3090817.6022520754,5298172,4
2025-09-17,0.4925473487366042,2609600.571750512,5298172,4
2025-09-18,0.7613363198101177,4033690.772201011,5298172,4
2025-09-19,0.9044304720292644,4791828.202852232,5298172,4
2025-09-20,1.020674742607923,5407710.342392505,5298172,4
2025-09-21,0.7574050903087863,4012862.442131483,5298172,4
2025-09-22,0.7011858242011928,3715003.100579682,5298172,4
2025-09-23,0.4518293722123077,2393869.728632827,5298172,4
2025-09-24,0.5710012499876269,3025262.834649445,5298172,4
2025-09-25,0.7127190611319902,3776108.173555799,5298172,4
2025-09-26,0.9730881258848156,5155588.262095406,5298172,4
2025-09-27,0.6236182665375816,3304036.838457952,5298172,4
2025-09-28,0.5291105175357037,2803318.5289131743,5298172,4
2025-09-29,0.5425608239831541,2874580.5659244754,5298172,4
2025-09-30,0.4934269588957699,2614260.89766672,5298172,4
2025-10-01,0.3037416763625757,1609275.6449372603,5298172,4
2025-10-02,0.2886644270399233,1529393.7847389649,5298172,4
2025-10-03,0.3664883026642309,1941718.0635031527,5298172,4
2025-10-04,0.7341832455516426,3889829.1144508375,5298172,4
2025-10-05,0.98642410565115,5226244.576685964,5298172,4
2025-10-06,0.6703839314755334,3551809.3749935897,5298172,4
2025-10-07,0.2953411188411279,1564768.0462927364,5298172,4
2025-10-08,0.4638931459090919,2457785.676647465,5298172,4
2025-10-09,0.5063656440565798,2682812.277102537,5298172,4
2025-10-10,0.7033853554059862,3726656.5952220447,5298172,4
2025-10-11,0.9532658103254836,5050566.224823789,5298172,4
2025-10-12,0.970097267084384,5139742.177743005,5298172,4
2025-10-13,0.7412654835734941,3927352.029635546,5298172,4
2025-10-14,0.4454903220702954,2360284.350663821,5298172,4
2025-10-15,0.5171472627830408,2739935.147553749,5298172,4
2025-10-16,0.6250548184530396,3311647.9375929777,5298172,4
2025-10-17,0.4194553496802549,2222346.588926136,5298172,4
2025-10-18,0.5864880136975179,3107314.372507806,5298172,4
2025-10-19,0.3974908493083158,2105974.8880615383,5298172,4
2025-10-20,0.8775833214177116,4649587.38120232,5298172,4
2025-10-21,1.1185145538409236,5926082.4907524735,5298172,4
2025-10-22,0.9172711264170332,4859860.198391186,5298172,4
2025-10-23,0.8800828713642534,4662830.426741689,5298172,4
2025-10-24,0.7791572420613677,4128109.083486761,5298172,4
2025-10-25,0.4294701069286198,2275406.4953662194,5298172,4
2025-10-26,0.4708240707036494,2494506.9083280955,5298172,4
2025-10-27,0.4429848503996572,2347009.9308116524,5298172,4
2025-10-28,0.4763977490515507,2524037.2148879524,5298172,4
2025-10-29,0.4402106096624923,2332311.5262167463,5298172,4
2025-10-30,0.4581288336002488,2427245.3585734977,5298172,4
2025-10-31,0.5498719439159004,2913316.1368407942,5298172,4
2025-11-01,0.5148508572614019,2727768.396118356,5298172,4
2025-11-02,0.4400117566047577,2331257.9685141426,5298172,4
2025-11-03,0.364244370790964,1929829.3264823032,5298172,4
2025-11-04,0.3763061865229769,1993734.9008628137,5298172,4
2025-11-05,0.6003065317751978,3180527.258068464,5298172,4
2025-11-06,0.4356168485039079,2307972.989471647,5298172,4
2025-11-07,0.4726336203650196,2504094.2136765765,5298172,4
2025-11-08,0.4441294328718465,2353074.1256174967,5298172,4
2025-11-09,0.3170565570849582,1679820.1731639272,5298172,4
2025-11-10,0.3292214707270306,1744271.9780047734,5298172,4
2025-11-13,0.3045636591892702,1613630.651334134,5298172,4
2025-11-14,0.3049178386267261,1615507.154912639,5298172,4
2025-11-15,0.3614773629334731,1915169.2429279648,5298172,4
2025-11-16,0.6046203214020248,3203382.4574832087,5298172,4
2025-11-17,0.5275358383156391,2794975.607560446,5298172,4
2025-11-18,0.4123916471625453,2184921.878030477,5298172,4
2025-11-19,0.4961841043963357,2628868.728757743,5298172,4
2025-11-20,0.6289609662795341,3332343.380635172,5298172,4
2025-11-21,0.6493960374575517,3440611.902568552,5298172,4
2025-11-22,0.5264559195055368,2789254.011958489,5298172,4
2025-11-23,0.5882624787884116,3116715.793767357,5298172,4
2025-11-24,0.3682844392270502,1951234.3039484587,5298172,4
2025-11-25,0.5492036794576921,2909775.55679972,5298172,4
2025-11-26,0.4187206467529876,2218454.0064485697,5298172,4
2025-11-27,0.345520451263791,1830626.7803131824,5298172,4
2025-11-28,0.6730684810360779,3566032.5803078786,5298172,4
2025-11-29,0.604499481429674,3202742.226525219,5298172,4
2025-11-30,0.377681663719298,2001022.415631001,5298172,4
2025-12-01,0.3031242241604974,1606004.276968871,5298172,4
2025-12-02,0.2630376990433442,1393618.972015873,5298172,4
2025-12-03,0.2848995834322713,1509446.9957525237,5298172,4
2025-12-04,0.2211109763618886,1171483.98385322,5298172,4
2025-12-05,0.26193096087313,1387755.282831113,5298172,4
2025-12-06,0.3602069004177108,1908438.113999904,5298172,4
2025-12-07,0.3075718622394689,1629568.6285050116,5298172,4
2025-12-08,0.2932533541643391,1553706.7099395848,5298172,4
2025-12-09,0.3312619670766165,1755082.8786302516,5298172,4
2025-12-10,0.3500322434277644,1854531.031226165,5298172,4
2025-12-11,0.4044261344863475,2142719.221803801,5298172,4
2025-12-12,0.4251545915339274,2252542.152536491,5298172,4
2025-12-13,0.4280635399528709,2267954.261599182,5298172,4
2025-12-14,0.4107790660999756,2176378.14619704,5298172,4
2025-12-15,0.5498965461341669,2913446.483624752,5298172,4
2025-12-16,0.311105902721881,1648292.5828357935,5298172,4
2025-12-17,0.402087895569709,2130330.829846356,5298172,4
2025-12-18,0.7288683530167076,3861669.899639236,5298172,4
2025-12-19,0.3063922937386704,1623319.0717019988,5298172,4
2025-12-20,0.2309527977168735,1223627.6461852032,5298172,4
2025-12-21,0.3981504120377551,2109469.364846897,5298172,4
2025-12-22,0.257208202642634,1362733.297411529,5298172,4
2025-12-23,0.341806614522939,1810950.2344802285,5298172,4
2025-12-24,0.2935259683497904,1555151.0667837458,5298172,4
2025-12-25,0.2741667102228743,1452582.3874349468,5298172,4
2025-12-26,0.2496184878704129,1322521.6831173613,5298172,4
2025-12-27,0.4235527522849759,2244055.332679196,5298172,4
2025-12-28,0.3157690843489047,1672998.9211630055,5298172,4
2025-12-29,0.2940211223445538,1557774.4778144895,5298172,4
2025-12-30,0.3170835844860342,1679963.3689835411,5298172,4
2025-12-31,0.2693738457993481,1427188.9673464238,5298172,4
2026-01-01,0.230724246585561,1222416.7429807151,5298172,4
2026-01-02,0.2443378875099539,1294544.1541443877,5298172,4
2026-01-03,0.2759960397304089,1462274.48981054,5298172,4
2026-01-04,0.3186646378826043,1688340.0618197534,5298172,4
2026-01-05,0.3589685774744294,1901877.2660548529,5298172,4
2026-01-06,0.4776468728709219,2530655.287732278,5298172,4
2026-01-07,0.4108968089315384,2177001.9679704267,5298172,4
2026-01-08,0.30515704154764,1616774.4931305433,5298172,4
2026-01-09,0.4298310210740036,2277318.680585696,5298172,4
2026-01-10,0.3758408617368635,1991269.5301101217,5298172,4
2026-01-11,0.3131239800964662,1658984.7038756544,5298172,4
2026-01-12,0.3569709185084382,1891293.3252556887,5298172,4
2026-01-13,0.4153261286858183,2200469.2658716,5298172,4
2026-01-14,0.322198686893758,1707064.0613372757,5298172,4
2026-01-15,0.3844141484065376,2036692.277491362,5298172,4
2026-01-16,0.4433270253938733,2348822.8327851086,5298172,4
2026-01-17,0.2193312963347817,1162054.9329646432,5298172,4
2026-01-18,0.228377026559869,1209980.7675627545,5298172,4
2026-01-19,0.2601942639496274,1378553.9638185257,5298172,4
2026-01-20,0.3054686569711257,1618425.4852420231,5298172,4
2026-01-21,0.3989611429668993,2113764.756755223,5298172,4
2026-01-22,0.3536474153264056,1873684.833754733,5298172,4
2026-01-23,0.3786123955203472,2005953.592798829,5298172,4
2026-01-24,0.447343550558318,2370103.0739486646,5298172,4
2026-01-25,0.3471235172738804,1839120.09976199,5298172,4
2026-01-26,0.2882184310964003,1527030.8215188775,5298172,4
2026-01-27,0.2810656834029214,1489134.3339662228,5298172,4
2026-01-28,0.2287743797698069,1212086.0132137577,5298172,4
2026-01-29,0.2437731021459661,1291551.824142898,5298172,4
2026-01-30,0.2840320043331892,1504850.412461982,5298172,4
2026-01-31,0.3972030884833413,2104450.281715961,5298172,4
2026-02-01,0.2435312951146751,1290270.6889003085,5298172,4
2026-02-02,0.2358935575832033,1249804.6417677158,5298172,4
2026-02-03,0.3218037045776106,1704971.3770893684,5298172,4
2026-02-04,0.4339892722369348,2299349.810466105,5298172,4
2026-02-05,0.3822395956222771,2025171.122817272,5298172,4
2026-02-06,0.5544122025458915,2937371.207986972,5298172,4
2026-02-07,0.2636972772723108,1397113.5309203935,5298172,4
2026-02-08,0.2937952709411827,1556577.878232988,5298172,4
2026-02-09,0.618985289743807,3279490.530532525,5298172,4
2026-02-10,0.6209017475339118,3289644.2535352404,5298172,4
2026-02-11,0.5442651023220743,2883610.1256999485,5298172,4
2026-02-12,0.5127175730681794,2716465.8895377824,5298172,4
2026-02-13,0.3726187370691777,1974198.1594152795,5298172,4
2026-02-14,0.2583527942423094,1368797.5405763648,5298172,4
2026-02-15,0.3230468405667226,1711557.725379074,5298172,4
2026-02-16,0.3190193178642421,1690219.2173674274,5298172,4
2026-02-17,0.2991347802892095,1584867.517154442,5298172,4
2026-02-18,0.4253933215554585,2253806.985252127,5298172,4
2026-02-19,0.3883725332718853,2057664.4813501711,5298172,4
2026-02-20,0.3501127848438888,1854957.7535019163,5298172,4
2026-02-21,0.282788920486728,1498264.3404330087,5298172,4
2026-02-22,0.2523767530674124,1337135.4465526787,5298172,4
2026-02-23,0.2565637732915536,1359318.9998676574,5298172,4
2026-02-24,0.2488936774989357,1318681.5131018911,5298172,4
2026-02-25,0.3799459300390057,2013018.888046619,5298172,4
2026-02-26,0.6943615995996467,3678847.184874059,5298172,4
2026-02-27,0.5377632115089532,2849161.989846814,5298172,4
2026-02-28,0.3750419638991954,1987036.831955728,5298172,4
2026-03-01,0.3477954853248129,1842680.3020743348,5298172,4
2026-03-02,0.4979892138604739,2638432.509177575,5298172,4
2026-03-03,0.606020581858984,3210801.2782289768,5298172,4
2026-03-04,0.416408660578773,2206204.706035959,5298172,4
2026-03-05,0.222713213222484,1179972.9103253947,5298172,4
2026-03-06,0.3865509127615639,2048013.2225677604,5298172,4
2026-03-07,0.3220980987868989,1706531.1282459816,5298172,4
2026-03-08,0.3371160345390445,1786098.7349457983,5298172,4
2026-03-09,0.3592034999781128,1903121.9258860373,5298172,4
2026-03-13,0.4151448354211195,2199508.742972784,5298172,4
2026-03-14,0.5181829446882974,2745422.368425086,5298172,4
2026-03-15,0.4960251750594295,2628026.693794968,5298172,4
2026-03-16,0.2972595503720666,1574932.2265138729,5298172,4
2026-03-17,0.447722750659756,2372112.141308501,5298172,4
2026-03-18,0.4057614170044791,2149793.778253455,5298172,4
2026-03-19,0.3288486967617022,1742296.9574193412,5298172,4
2026-03-20,0.4852680228089955,2571033.4509419817,5298172,4
2026-03-21,0.4176968310986139,2213029.6550154053,5298172,4
2026-03-22,0.3567090107600248,1889905.6929564625,5298172,4
2026-03-23,0.3482083003750983,1844867.4672149352,5298172,4
2026-03-24,0.2502657813573223,1325951.155345487,5298172,4
2026-03-25,0.2499293666190707,1324168.7721988952,5298172,4
2026-03-26,0.2326631594117672,1232689.4366269617,5298172,4
2026-03-27,0.3309250613092088,1753297.8939267336,5298172,4
2026-03-28,0.2724362996017176,1443414.3743334317,5298172,4
2026-03-29,0.4671284464899059,2474926.855596318,5298172,4
2026-03-30,0.3889100941484159,2060512.5713345008,5298172,4
2026-03-31,0.7990617920154062,4233566.8127258485,5298172,4
2026-04-01,0.45996460069191,2436971.5683770585,5298172,4
2026-04-02,0.3516627457719661,1863169.7130921488,5298172,4
2026-04-03,0.5670349595930231,3004248.7459368864,5298172,4
2026-04-04,0.519062476659748,2750082.2800893304,5298172,4
2026-04-05,0.4936056217875287,2615207.484397275,5298172,4
2026-04-06,0.420555739821592,2228176.645162044,5298172,4
2026-04-07,0.3566476236739644,1889580.4536159355,5298172,4
2026-04-08,0.3649886090272368,1933772.428667053,5298172,4
2026-04-09,0.4064760734359643,2153580.15094837,5298172,4
2026-04-10,0.4119693220590241,2182684.326992104,5298172,4
2026-04-11,0.6157279206296826,3262232.4286984066,5298172,4
2026-04-12,0.6151225397990105,3259025.016932003,5298172,4
2026-04-13,0.7287365882042028,3860971.786999038,5298172,4
2026-04-14,0.3224502982605413,1708397.1416356484,5298172,4
2026-04-15,0.7119599674477817,3772086.364652748,5298172,4
2026-04-16,0.3242960875759761,1718176.4509045847,5298172,4
2026-04-17,0.5229282098103172,2770563.599227148,5298172,4
2026-04-18,0.5365580105746741,2842776.6280024424,5298172,4
2026-04-19,0.6248398247273564,3310508.8638553875,5298172,4
2026-04-20,0.4642737833660971,2459802.359364321,5298172,4
2026-04-21,0.7345054340168138,3891536.1243557306,5298172,4
2026-04-22,0.3280796774266197,1738222.560710749,5298172,4
2026-04-23,0.2713923472072179,1437883.3349875603,5298172,4
2026-04-24,0.4249605759660714,2251514.2246873127,5298172,4
2026-04-25,0.6626665219229713,3510921.2117896723,5298172,4
2026-04-26,0.6386556980223066,3383707.73690224,5298172,4
2026-04-27,0.3611984574203272,1913691.55354757,5298172,4
2026-05-01,0.4462686673334111,2364408.157743193,5298172,4
2026-05-02,0.4390892146991118,2326370.1828208226,5298172,4
2026-05-03,0.3679815755391742,1949629.680037538,5298172,4
2026-05-04,0.3284015862767219,1739928.0891669125,5298172,4
2026-05-05,0.6011603517041831,3185050.942909255,5298172,4
2026-05-06,0.7068181767706306,3744844.2732572057,5298172,4
2026-05-07,0.580755857395262,3076944.4224875704,5298172,4
2026-05-08,0.4067098346566735,2154818.658102617,5298172,4
2026-05-09,0.4244453279147041,2248784.351888504,5298172,4
2026-05-10,0.4377426408591133,2319235.80300581,5298172,4
2026-05-11,0.5011269867278975,2655056.9695261177,5298172,4
2026-05-12,0.3876591557373093,2053884.884471052,5298172,4
2026-05-13,0.2834672783729384,1501858.397191708,5298172,4
2026-05-14,0.462163803872691,2448623.325091783,5298172,4
2026-05-15,0.4665018011090338,2471606.780585452,5298172,4
2026-05-16,0.5083531829762795,2693342.6001558006,5298172,4
2026-05-17,0.689377868515999,3652442.520391148,5298172,4
2026-05-18,0.3559652340968519,1885965.0362653856,5298172,4
2026-05-19,0.3471455446591542,1839236.8046378803,5298172,4
2026-05-20,0.3964519873363293,2100470.818649695,5298172,4
2026-05-21,0.3126570693831166,1656510.9306076856,5298172,4
2026-05-22,0.5512910268867637,2920834.6825026986,5298172,4
2026-05-23,0.4133207660847937,2189844.509889004,5298172,4
2026-05-24,0.3730933961618281,1976712.984929505,5298172,4
2026-05-25,0.4065105648569549,2153762.8924293024,5298172,4
2026-05-26,0.3809042934798382,2018096.462394661,5298172,4
2026-05-27,0.5891974569806506,3121669.4690460875,5298172,4
2026-05-28,0.7081312066716281,3751800.931513833,5298172,4
2026-05-29,0.6241953815888694,3307094.4932634635,5298172,4
2026-05-30,0.3348718781899647,1774208.8086134817,5298172,4
2026-05-31,0.4058088924369706,2150045.3112605694,5298172,4
2026-06-03,0.6493265377528673,3440243.6811791845,5298172,4
2026-06-04,0.5410131103257334,2866380.512760712,5298172,4
2026-06-05,0.5243176361454209,2777925.0189318573,5298172,4
2026-06-06,0.4446862638276472,2356024.311796253,5298172,4
2026-06-07,0.9310187018746532,4932697.217748635,5298172,4
2026-06-08,0.3626518156053809,1921391.695189592,5298172,4
2026-06-09,0.2330416876600371,1234694.9443931542,5298172,4
2026-06-10,0.2164160522692912,1146609.4684836953,5298172,4
2026-06-11,0.4749111409474419,2516160.90945579,5298172,4
2026-06-12,0.4467973876850414,2367209.4091060315,5298172,4
2026-06-13,0.8661783252122432,4589161.749646401,5298172,4
2026-06-14,0.5187536706032094,2748446.172487147,5298172,4
2026-06-15,0.4712142475067946,2496574.132141569,5298172,4
2026-06-16,0.317089663111091,1679995.5745846152,5298172,4
2026-06-17,0.4081552943127496,2162476.9519795696,5298172,4
2026-06-18,0.4392916138792536,2327442.528489873,5298172,4
2026-06-19,0.712250737118709,3773626.912381705,5298172,4
2026-06-20,0.4334230645342086,2296349.944669337,5298172,4
2026-06-21,0.5029255669726437,2664586.1570185856,5298172,4
2026-06-22,0.5685376797212965,3012210.415644341,5298172,4
2026-06-23,0.4387172071064273,2324399.2226094743,5298172,4
2026-06-24,0.4517490260553057,2393444.040873491,5298172,4
2026-06-25,0.3147063713573227,1667368.4849469694,5298172,4
2026-06-26,0.3409103827194435,1806201.8442334395,5298172,4
2026-06-27,0.4525547290769013,2397712.7940628245,5298172,4
2026-06-28,0.5651877610258222,2994461.970209703,5298172,4
2026-06-29,0.4443672384175061,2354334.060300955,5298172,4
2026-06-30,0.5690839381047901,3015104.586516532,5298172,4
2026-07-01,0.3045084097155481,1613337.930119445,5298172,4
2026-07-02,0.350406617672224,1856514.530365683,5298172,4
2026-07-03,0.4765006165985057,2524582.224844938,5298172,4
2026-07-04,0.4854072513981615,2571771.1079547005,5298172,4
2026-07-05,0.4005680511195693,2122278.4325362705,5298172,4
2026-07-06,0.4020113694221419,2129925.3811540483,5298172,4
2026-07-07,0.3764949306500509,1994734.8997120413,5298172,4
2026-07-08,0.6128562732788794,3247017.9471105067,5298172,4
2026-07-09,0.7047191905757381,3733723.48337104,5298172,4
2026-07-17,0.7680416386544259,4069216.704752997,5298172,4
2026-07-18,0.6711331344677416,3555778.781309224,5298172,4
2026-07-19,0.884819540656716,4687926.115360274,5298172,4
2026-07-20,0.7977224150183411,4226470.563022554,5298172,4
2026-07-21,0.7330269850276181,3883703.047317745,5298172,4
2026-07-22,0.5338168146764097,2828253.300647743,5298172,4
2026-07-23,0.4504286522401187,2386448.4732963345,5298172,4
2026-07-24,0.4614792653190199,2444996.5220938027,5298172,4
2026-07-25,0.5201123195165279,2755644.5281175217,5298172,4
2026-07-26,0.5175947910430325,2742306.229250046,5298172,4
2026-07-27,0.4952585316659067,2623964.8852334204,5298172,4
2026-07-28,0.5334108073594164,2826102.2040490536,5298172,4
2026-07-29,0.6089192649616261,3226158.999880268,5298172,4
2026-07-30,0.6128528193384722,3246999.647540152,5298172,4
2026-07-31,0.614589751243066,3256202.211522978,5298172,4
2026-08-01,0.6137806516724348,3251915.462832647,5298172,4
2026-08-02,0.3725965583741471,1974080.652874272,5298172,4
2026-08-07,0.927148142605578,4912190.329004881,5298172,4
2026-08-08,0.7179421313457197,3803780.897916215,5298172,4
2026-08-09,0.7459875727517925,3952370.47030151,5298172,4
2026-08-10,0.5052249895926958,2676768.893560312,5298172,4
2026-08-11,0.4214185946172044,2232748.198280223,5298172,4
2026-08-12,0.4594155672326109,2434062.694675937,5298172,4
2026-08-13,0.5862133092031353,3105858.9408473936,5298172,4
2026-08-14,0.6925839797523443,3669429.0491724377,5298172,4
2026-08-15,0.8593089436984155,4552766.584852521,5298172,4
2026-08-16,0.909089825401451,4816514.258426856,5298172,4
2026-08-17,0.5859565822581696,3104498.757335931,5298172,4
2026-08-18,0.5035084973009915,2667674.6221621884,5298172,4
2026-08-19,0.2950848924324236,1563410.5147084785,5298172,4
2026-08-20,0.4253744298388432,2253706.893688124,5298172,4
2026-08-21,0.6793267247823631,3599189.832093622,5298172,4
2026-08-22,0.9707658038230534,5143284.200372795,5298172,4
2026-08-23,0.3538391688055177,1874700.7766686676,5298172,4
2026-08-24,0.2225820000500574,1179277.7203692128,5298172,4
2026-08-25,0.2526638502794645,1338656.5369628507,5298172,4
2026-08-26,0.7325451707506301,3881150.312406208,5298172,4
2026-08-27,0.7442012879262149,3942906.4260546095,5298172,4
2026-08-28,0.1873383354022565,992550.7231548446,5298172,4
2026-08-29,0.5193501434737268,2751606.3883484816,5298172,4
2026-08-30,0.4440026583743008,2352402.452524286,5298172,4
2026-08-31,0.8859183315149697,4693747.69831933,5298172,4
2026-09-01,0.488585277839408,2588608.838660972,5298172,4
